--
-- PostgreSQL database dump
--

SET statement_timeout = 0;
SET lock_timeout = 0;
SET client_encoding = 'UTF8';
SET standard_conforming_strings = on;
SET check_function_bodies = false;
SET client_min_messages = warning;

SET search_path = public, pg_catalog;

--
-- Data for Name: forms; Type: TABLE DATA; Schema: public; Owner: David
--

COPY forms (id, name, question) FROM stdin;
1	Foster Youth	On a scale of 0-10, where 0 is not likely and 10 is extremely likely how likely are you to recommend your foster home to a friend in the foster care system?
2	Parent Form	On a scale of 0-10, where 0 is not likely and 10 is extremely likely, how likely are you to recommend this foster home to another foster parent?
3	Worker Form	On a scale of 0-10, where 0 is not likely and 10 is extremely likely, how likely are you to recommend this foster home?
\.


--
-- Name: forms_id_seq; Type: SEQUENCE SET; Schema: public; Owner: David
--

SELECT pg_catalog.setval('forms_id_seq', 3, true);


--
-- Data for Name: homes; Type: TABLE DATA; Schema: public; Owner: David
--

COPY homes (id, name) FROM stdin;
1	Good Home
2	Average Home
3	Bad Home
4	Chaotic Home
\.


--
-- Name: homes_id_seq; Type: SEQUENCE SET; Schema: public; Owner: David
--

SELECT pg_catalog.setval('homes_id_seq', 4, true);


--
-- Data for Name: reviewers; Type: TABLE DATA; Schema: public; Owner: David
--

COPY reviewers (id, name, type) FROM stdin;
1	Peggie Kunde	Youth
2	Leif Fay	Youth
3	Travis Klein	Parent
4	Erik Hoeger	Worker
5	Shakira Stiedemann Jr.	Youth
6	Dr. Hosea Effertz	Youth
7	Lessie Cole	Parent
8	Stefanie Conroy	Worker
9	Miss Julio Murazik	Youth
10	Emory Harris	Youth
11	Wilbert Williamson	Parent
12	Oceane Walsh Jr.	Worker
13	Julien Upton	Youth
14	Dr. Jessy Mills	Youth
15	Nikita Ortiz	Parent
16	Irving Reinger	Worker
\.


--
-- Name: reviewers_id_seq; Type: SEQUENCE SET; Schema: public; Owner: David
--

SELECT pg_catalog.setval('reviewers_id_seq', 16, true);


--
-- Data for Name: reviews; Type: TABLE DATA; Schema: public; Owner: David
--

COPY reviews (id, review_date, rating, comment, ts, reviewer_id, home_id) FROM stdin;
1	2015-02-12	9	Natus sed ullam quia nam doloribus. Laborum consectetur dolorem et et autem. Eveniet sint sequi qui impedit.	2015-03-14 13:43:48.189743	1	1
2	2015-02-12	7	Quia in omnis quaerat autem et impedit. Corporis quidem et veritatis. Rerum omnis quia at. Et aut dolorum voluptatem.	2015-03-14 13:43:48.199018	5	2
3	2015-02-12	0	Eum doloremque quia cupiditate repudiandae autem rerum adipisci. Nihil consequuntur quia ratione eaque fuga. Eius beatae et est dicta deserunt.	2015-03-14 13:43:48.199798	9	3
4	2015-02-12	4	Praesentium exercitationem delectus nisi saepe. Voluptatem fugiat id sint et repellat nostrum. Non quia necessitatibus. Expedita doloribus similique et iusto. Doloremque autem dicta dolore voluptatem.	2015-03-14 13:43:48.200502	13	4
5	2015-02-12	9	Blanditiis dolores perspiciatis cumque neque nesciunt quia. Minus hic adipisci velit. Dicta enim asperiores repellendus odit corporis omnis. Nesciunt neque sunt dicta blanditiis dolorem.	2015-03-14 13:43:48.205658	2	1
6	2015-02-12	5	Rem qui facilis quaerat aut. Sint maxime assumenda. Omnis necessitatibus dolorum pariatur dolores labore.	2015-03-14 13:43:48.208907	6	2
7	2015-02-12	4	Fugit similique et culpa illum omnis omnis. Illo sed nostrum quasi harum inventore. Deleniti aut saepe eos voluptatem. Ab impedit incidunt labore et. Qui quibusdam possimus et ea labore itaque cumque.	2015-03-14 13:43:48.209846	10	3
8	2015-02-12	3	Voluptatem aut quia odit sapiente nulla. Maxime alias sed voluptatem vero ipsam aliquam. Voluptas ad hic eaque delectus cum numquam distinctio. Modi eos molestiae velit. Excepturi corporis aliquam eaque tempore.	2015-03-14 13:43:48.210627	14	4
9	2015-02-12	9	Expedita velit minus in veniam. Vel nulla maiores aliquid ipsum. Nulla eligendi dolorum illum facilis ipsa nemo. Et et delectus quidem. Dolores rerum laboriosam voluptas nostrum.	2015-03-14 13:43:48.215519	3	1
10	2015-02-12	7	Et magnam sed voluptatibus reiciendis sed dolorem. Unde odit dolore eveniet deserunt aut. Similique magnam aperiam quia laboriosam quasi placeat. Architecto praesentium corrupti eaque temporibus. Labore repellendus molestias eos asperiores nostrum.	2015-03-14 13:43:48.218328	7	2
11	2015-02-12	3	Autem nihil corrupti. Quis cupiditate quaerat vel. Veritatis maiores dolorem sint reprehenderit. Sunt iusto dolor ex.	2015-03-14 13:43:48.219291	11	3
12	2015-02-12	9	Numquam explicabo sequi et exercitationem sed neque asperiores. Voluptates dolorum aut voluptas quas error doloribus non. Magni facilis aspernatur cumque. Nesciunt quia deleniti fugiat adipisci excepturi inventore quis.	2015-03-14 13:43:48.220031	15	4
13	2015-02-12	10	Suscipit possimus sit cum porro sit tenetur. Perferendis eum non molestiae voluptatem. Autem possimus atque eveniet non molestiae harum quae. Aut similique et dolores non dignissimos praesentium dolorem.	2015-03-14 13:43:48.22481	4	1
14	2015-02-12	5	Iure optio qui sed quisquam fugiat quam omnis. Dolores nam eaque. Rem et magnam enim nesciunt qui.	2015-03-14 13:43:48.227779	8	2
15	2015-02-12	4	Dignissimos ut explicabo. Fuga neque temporibus aperiam excepturi quisquam. Omnis porro totam consequatur. Consectetur nihil neque et minus similique eius.	2015-03-14 13:43:48.228539	12	3
16	2015-02-12	2	In accusamus neque voluptas est adipisci nemo ut. Maxime sint atque ipsum autem. Et expedita ipsum rem sint a.	2015-03-14 13:43:48.229264	16	4
17	2015-01-13	10	Rerum cum mollitia qui ut rerum fugiat. Assumenda dolores voluptas nam soluta dolorem natus eius. Nostrum numquam ut voluptatem qui quibusdam esse autem. Omnis error mollitia.	2015-03-14 13:43:48.234534	1	1
18	2015-01-13	5	Dolores unde vel. Dolor cum alias est voluptatem labore sequi. Beatae blanditiis quo dolore corrupti doloremque non. Quaerat assumenda nam voluptatem molestiae autem. Vero voluptatem eaque.	2015-03-14 13:43:48.237381	5	2
19	2015-01-13	0	Similique perferendis id repellat labore. Omnis est et. Possimus id qui.	2015-03-14 13:43:48.238077	9	3
20	2015-01-13	4	Molestiae asperiores dolore vel recusandae et molestias. Adipisci ea eaque et ut ipsa laborum numquam. Eaque ratione qui. Enim autem et temporibus.	2015-03-14 13:43:48.238736	13	4
21	2015-01-13	10	Quia tempore et. Minima similique voluptatibus id totam. Natus aliquam amet porro. Expedita ipsa explicabo aut corrupti autem. Debitis tempora deleniti sapiente magnam accusamus.	2015-03-14 13:43:48.243467	2	1
22	2015-01-13	5	Tenetur modi rerum rerum et. Explicabo magnam nisi. Voluptate labore magni fugit eius. Sunt vel aut amet repellendus veniam id.	2015-03-14 13:43:48.246231	6	2
23	2015-01-13	3	Corrupti et ea maxime provident. Velit fugit blanditiis voluptatem ut id doloremque est. Blanditiis eos omnis.	2015-03-14 13:43:48.247097	10	3
24	2015-01-13	7	Magnam ut explicabo enim. Sit maiores et neque. Consequatur qui dignissimos reprehenderit debitis architecto nemo soluta. Esse maiores et culpa labore. Molestiae voluptatem ad.	2015-03-14 13:43:48.247884	14	4
25	2015-01-13	9	Itaque quis harum qui in. Eaque perspiciatis quis aut deleniti. Ut sit perspiciatis. Aliquid blanditiis voluptatem et quia.	2015-03-14 13:43:48.252679	3	1
26	2015-01-13	6	Est ut voluptas eaque. Quam perferendis libero natus facilis occaecati provident. Expedita illo nulla. At accusantium velit distinctio modi.	2015-03-14 13:43:48.255467	7	2
27	2015-01-13	0	Quas iusto deleniti unde quae quia qui eos. Et et reprehenderit qui voluptatem blanditiis aut aut. Sint voluptatem iure voluptatem aut aliquam quo.	2015-03-14 13:43:48.25631	11	3
28	2015-01-13	9	Nostrum quo perspiciatis animi consequatur temporibus ea maiores. Eos qui molestiae sit voluptatem cum ducimus. Dignissimos excepturi distinctio et. Ut repudiandae nihil quaerat. Vel ducimus quis omnis.	2015-03-14 13:43:48.257011	15	4
29	2015-01-13	8	Rerum ut ut. Quod in voluptatibus. In ipsum consequatur. Ut ut minima aut praesentium tempore qui. Enim harum quod vitae saepe aut.	2015-03-14 13:43:48.26177	4	1
30	2015-01-13	6	Sed occaecati repellendus nihil veniam. Perspiciatis temporibus officia fuga mollitia libero dolore iusto. Odio veritatis sint quo error aliquam saepe. Aliquam voluptates aut consequatur accusamus qui explicabo deserunt.	2015-03-14 13:43:48.264613	8	2
31	2015-01-13	2	Aspernatur id culpa et nobis qui recusandae. Totam similique sint nisi laborum quia aut provident. Est cupiditate ut in reiciendis aperiam quia non.	2015-03-14 13:43:48.265284	12	3
32	2015-01-13	10	Dolorum deserunt autem nesciunt. Facere pariatur aperiam magni eaque totam. Et iure cumque. Sit eos impedit sed odio molestias in. Expedita ut asperiores in accusantium qui.	2015-03-14 13:43:48.265886	16	4
33	2014-12-17	9	Ipsa recusandae voluptas qui ut. Alias enim voluptas earum rerum aut qui. Sed voluptatem esse blanditiis laudantium quod molestias dolores. Omnis perspiciatis accusantium autem laudantium beatae quos ut.	2015-03-14 13:43:48.270952	1	1
34	2014-12-17	5	Minima aut vel dolor quis possimus debitis quidem. Eveniet magni voluptatem cumque. Deleniti qui incidunt voluptatem in dolor accusantium. Quo consectetur laudantium unde possimus accusantium dolores. Consequatur fugit error perferendis esse.	2015-03-14 13:43:48.27385	5	2
35	2014-12-17	4	Velit eum est possimus quas ut aut. Quo accusantium illum. Voluptatem odio labore dolorum quibusdam officia vel. Aut ut officia inventore ipsam ad atque ipsum. Sequi voluptatibus ipsum provident nesciunt.	2015-03-14 13:43:48.274665	9	3
36	2014-12-17	2	Culpa non odit nisi et repellat qui consequatur. Aut deleniti voluptas possimus corporis et voluptatem nostrum. Omnis et et. Veniam dolorum quia.	2015-03-14 13:43:48.275475	13	4
37	2014-12-17	10	Nesciunt et quasi eos. Consequatur quia iure rerum et dolorem repellat non. Facilis et vel eveniet at ad et dolorem.	2015-03-14 13:43:48.280369	2	1
38	2014-12-17	7	Maxime molestiae possimus quae quo quia cum et. Ut sunt odit non inventore enim. Facilis animi expedita sequi dolore.	2015-03-14 13:43:48.283603	6	2
39	2014-12-17	0	Harum est sed aut perferendis. Qui porro eum provident cupiditate eius. Non aperiam velit voluptatem ab. Similique distinctio porro. Provident dolorum quae.	2015-03-14 13:43:48.284375	10	3
40	2014-12-17	7	Eum placeat aut beatae nobis. Rerum culpa libero excepturi dolores sint. Deleniti magnam provident cumque nam quia earum.	2015-03-14 13:43:48.285017	14	4
41	2014-12-17	9	Consequatur qui adipisci eum perspiciatis. Libero ut voluptatem molestias. Reprehenderit aut neque dolor ad quasi. Ab fugiat quas accusamus quaerat itaque et.	2015-03-14 13:43:48.303291	3	1
42	2014-12-17	7	Totam repellendus quia cupiditate incidunt magnam omnis. Autem et voluptatibus vel necessitatibus. Eaque labore aut sit ratione sed veritatis nulla. Qui nisi laudantium sint omnis in id eius.	2015-03-14 13:43:48.30612	7	2
43	2014-12-17	4	Eaque quam blanditiis minus maxime placeat neque. Necessitatibus sed ut autem beatae. Nobis architecto adipisci quod enim atque autem aut. Quo vitae voluptas. Amet qui tenetur et sunt porro.	2015-03-14 13:43:48.306984	11	3
44	2014-12-17	7	Vel est ea a alias et maiores. Est est incidunt quod quaerat. Quasi voluptas ut.	2015-03-14 13:43:48.307688	15	4
45	2014-12-17	8	Sapiente voluptatem veniam placeat accusantium ut quae. Qui suscipit ab non nemo rerum omnis rem. Excepturi natus consequatur autem impedit praesentium suscipit. At voluptatum excepturi quia quia distinctio.	2015-03-14 13:43:48.312595	4	1
46	2014-12-17	7	Maiores omnis voluptatibus sit velit deleniti. Voluptatum quia at. Itaque animi ipsa fugiat est distinctio accusantium. Est harum quas.	2015-03-14 13:43:48.315511	8	2
47	2014-12-17	3	Reprehenderit qui vitae dolorum et quis. Minima placeat non quae quibusdam officiis. Harum est ratione et minima sed. Quidem sint velit. Et aut sequi.	2015-03-14 13:43:48.316275	12	3
48	2014-12-17	3	Et repudiandae eligendi pariatur omnis. Delectus qui eum saepe atque mollitia rem similique. Delectus quo dolores qui distinctio. Sed dolore voluptas quisquam dolorem dolor accusamus adipisci. Minima quis perferendis sit accusantium ducimus.	2015-03-14 13:43:48.317066	16	4
49	2014-11-16	10	Sed ut aut error provident. Velit quia aut officia ipsa non harum velit. Vero illo laboriosam aspernatur modi. Non repudiandae rem aut molestias error nihil.	2015-03-14 13:43:48.321973	1	1
50	2014-11-16	7	Libero nesciunt corrupti explicabo dolore tempore autem quos. Nihil officiis autem quod quis. Occaecati error et sint sit accusamus eum.	2015-03-14 13:43:48.325088	5	2
51	2014-11-16	0	Aperiam suscipit non voluptas porro. Accusamus doloremque qui esse rerum odio exercitationem. Excepturi est et.	2015-03-14 13:43:48.325904	9	3
52	2014-11-16	7	Neque in quia architecto maiores. Incidunt totam laudantium. Hic cum consequatur. Sunt officiis delectus sint.	2015-03-14 13:43:48.326619	13	4
53	2014-11-16	8	Sapiente velit ex quisquam in voluptatem assumenda. Consequatur est ullam et. Aliquam dolor et dolores quis quo laudantium cum. Corporis amet quas hic.	2015-03-14 13:43:48.331977	2	1
54	2014-11-16	5	Qui ratione dolorum. Distinctio nam autem fugiat et doloribus ut delectus. Quia eum ab facere suscipit. Iusto quidem enim eos. In impedit atque.	2015-03-14 13:43:48.334874	6	2
55	2014-11-16	0	Maiores deleniti quasi voluptas magni vel. Autem quia consectetur maxime ipsam pariatur. Et et voluptatem ut est modi. Quia voluptatibus eaque. Iste est qui maxime ducimus praesentium.	2015-03-14 13:43:48.335675	10	3
56	2014-11-16	3	Optio dolor itaque. Et accusantium rem. Eum voluptas ut eligendi explicabo cupiditate consequatur earum. Dignissimos rerum dicta voluptate ut ipsum et.	2015-03-14 13:43:48.336411	14	4
57	2014-11-16	10	Eius excepturi maxime sit. Vel nostrum laboriosam eius non temporibus consectetur. Dolor qui sapiente at voluptatem quia.	2015-03-14 13:43:48.341136	3	1
58	2014-11-16	6	Provident minima vel. A vel voluptatem cumque natus explicabo et reiciendis. Vitae aspernatur soluta. Omnis quas ut sapiente suscipit explicabo. Nemo et expedita ut voluptas non sit quaerat.	2015-03-14 13:43:48.343974	7	2
59	2014-11-16	0	Porro dolor nesciunt veritatis. Nostrum natus id ipsum. Et omnis similique labore accusantium pariatur dolores. Nam rerum architecto asperiores ut eos rerum quaerat. Suscipit enim voluptatum ut quaerat exercitationem est.	2015-03-14 13:43:48.344726	11	3
60	2014-11-16	4	Quasi qui ducimus soluta aut fuga. Est itaque accusamus deleniti incidunt blanditiis. Accusamus est sed et porro. Magni animi voluptas laudantium.	2015-03-14 13:43:48.345548	15	4
61	2014-11-16	10	Voluptate vel voluptas. Ipsum pariatur natus. Deleniti et natus dolor facere repellendus. Molestiae qui possimus non.	2015-03-14 13:43:48.350381	4	1
62	2014-11-16	6	A et est in dolor. Dolores incidunt sapiente ea quas voluptate dolor asperiores. Earum voluptatem nobis consequatur. Delectus commodi voluptatum nemo.	2015-03-14 13:43:48.353228	8	2
63	2014-11-16	3	Qui recusandae et commodi illo ducimus. Voluptatibus sequi nemo. A repellendus blanditiis voluptatem pariatur vero. Est aut eius consectetur maiores quis ipsam omnis.	2015-03-14 13:43:48.35409	12	3
64	2014-11-16	4	Et dolor nemo commodi vitae corrupti non quo. Esse consequatur voluptas quaerat. Qui voluptatem illum dolorum et alias. Enim facilis cupiditate modi dolorem ad.	2015-03-14 13:43:48.35498	16	4
65	2014-10-18	9	Ut magni at a eos maiores. Nobis id quia quis quasi et nihil. Non autem earum.	2015-03-14 13:43:48.359919	1	1
66	2014-10-18	6	Enim incidunt placeat assumenda. Voluptate est culpa dolores quo quasi. Et omnis sed officiis est. Fugit nemo ipsam. Necessitatibus velit voluptate nulla accusantium soluta.	2015-03-14 13:43:48.362794	5	2
67	2014-10-18	3	Provident accusamus quo fuga blanditiis et. Rerum inventore quis hic voluptas. Amet non officiis quasi in autem modi pariatur. Veritatis est corrupti voluptatem voluptas a commodi ut.	2015-03-14 13:43:48.363553	9	3
68	2014-10-18	0	Quidem repudiandae illum ut voluptatem. Eum eaque magni voluptatem qui. Libero laborum eos. Ipsum et tempore.	2015-03-14 13:43:48.364249	13	4
69	2014-10-18	8	Corrupti eum doloremque quia ex ut numquam. Unde similique qui et harum nam exercitationem quis. Harum tempore esse voluptas praesentium qui. Earum veritatis ipsam.	2015-03-14 13:43:48.368785	2	1
70	2014-10-18	5	Facilis placeat unde occaecati commodi optio. Eos sit maxime ullam quas porro molestias. Soluta dignissimos sed. Aut assumenda delectus.	2015-03-14 13:43:48.371767	6	2
71	2014-10-18	0	Eos eum voluptas est iste omnis ea. Ratione a ut corrupti ut saepe sed. Ut consequatur qui itaque doloremque voluptatum sed possimus. Molestias repellendus quis excepturi occaecati rerum.	2015-03-14 13:43:48.372543	10	3
72	2014-10-18	10	Iste consequatur in dolor aut atque. Sunt quam vitae laudantium voluptate non ullam. Incidunt voluptatibus nobis esse temporibus expedita nostrum. Minima voluptate earum eaque dicta quia.	2015-03-14 13:43:48.373262	14	4
73	2014-10-18	10	Est minus dolorem enim doloremque eos debitis dolor. Cumque consequuntur dicta harum. Perferendis odio consequuntur unde non cumque qui. Qui vero culpa et eligendi a facilis quam.	2015-03-14 13:43:48.378044	3	1
148	2014-05-19	6	Nihil rem vel molestiae dolorem et. Expedita saepe nihil dolor iusto in quia. Vel sit eos consectetur et ducimus suscipit aut.	2015-03-14 13:43:48.553285	13	4
74	2014-10-18	7	Qui nam nemo officia. Veniam voluptatibus fugit ea quas et sed. Dolores vel dignissimos sit aut. Error ullam quia iusto totam consequuntur. Consequatur sed eos alias modi.	2015-03-14 13:43:48.381142	7	2
75	2014-10-18	4	Beatae non et temporibus incidunt recusandae. Veniam odit et rerum non est. Repellendus recusandae voluptas sint sunt. Voluptatum eos porro et quod alias. Est sed sit voluptatem alias omnis molestiae laborum.	2015-03-14 13:43:48.382027	11	3
76	2014-10-18	3	Alias reiciendis accusantium aut tenetur at. Ut incidunt ea soluta vel molestiae voluptas voluptates. Eaque magnam tempora expedita impedit et ut omnis. Debitis quis totam magni. Consequatur molestiae quia.	2015-03-14 13:43:48.382692	15	4
77	2014-10-18	8	Tempore ab voluptatibus non ut esse. Dolores quaerat eius sit est pariatur. Fugit similique reiciendis ut aut iste. Laudantium sed maxime perferendis quidem alias aliquid.	2015-03-14 13:43:48.387668	4	1
78	2014-10-18	5	Molestias voluptate debitis culpa velit explicabo. Nobis qui dolores. Laudantium officiis impedit vel consequatur voluptatem in.	2015-03-14 13:43:48.390591	8	2
79	2014-10-18	3	Hic libero aut explicabo sed ullam atque nemo. Quia ut ducimus. Labore sed libero praesentium quia ut ut eos. Nam illum dolorum molestiae.	2015-03-14 13:43:48.391256	12	3
80	2014-10-18	0	Aut eveniet aut praesentium. Molestias consequuntur minima repellat quae. Voluptatibus labore incidunt veritatis consectetur ut molestiae. Magni consequatur consequuntur laboriosam optio.	2015-03-14 13:43:48.392082	16	4
81	2014-09-15	10	Ad aut perferendis ab voluptas. Quisquam non asperiores. Nobis doloremque qui praesentium aut quo.	2015-03-14 13:43:48.396915	1	1
82	2014-09-15	7	Libero ut aut. Inventore est ut. Consequatur ipsum cum. Nisi in soluta quia dolorem corrupti.	2015-03-14 13:43:48.399775	5	2
83	2014-09-15	0	Possimus quasi voluptatem dolorem. Et eligendi corrupti quisquam consequatur tempora. Ex ut harum necessitatibus voluptatem quia quidem. Reprehenderit voluptas rerum ut quod et molestias dolores.	2015-03-14 13:43:48.400452	9	3
84	2014-09-15	9	Animi corrupti maiores vitae et omnis. Eos velit minus deserunt. Sint nam harum.	2015-03-14 13:43:48.401219	13	4
85	2014-09-15	10	Sit quibusdam id qui. Consequatur laborum praesentium aut expedita officia recusandae. Quidem itaque illo voluptas. Quis vitae iste quaerat rem eius. Non unde rerum dicta quidem tempora.	2015-03-14 13:43:48.405952	2	1
86	2014-09-15	5	Non facere quia hic. Eveniet beatae et. Hic non voluptatum tenetur pariatur et.	2015-03-14 13:43:48.408817	6	2
87	2014-09-15	2	Commodi voluptatem vero id. Aliquid tempora minima non magni. Blanditiis odio rerum. Esse ut amet fuga.	2015-03-14 13:43:48.409523	10	3
88	2014-09-15	2	Doloribus dolorem in tempora. Doloribus alias vel nobis nulla quia consequatur. Perspiciatis animi voluptatem nostrum occaecati aspernatur. Reprehenderit qui perspiciatis sed exercitationem.	2015-03-14 13:43:48.410305	14	4
89	2014-09-15	10	Corrupti vel culpa expedita enim dolores dolor. Eum cupiditate asperiores excepturi aut dolor repellendus. Modi eum nostrum nemo. Voluptatem officiis sit. Aut et qui dolores voluptas porro.	2015-03-14 13:43:48.415434	3	1
90	2014-09-15	6	Ducimus enim sed quasi corporis et laboriosam quia. Odio dolor omnis earum at. Fuga aut expedita earum vel dolorum. Ea quidem earum. Molestiae consequuntur voluptatum accusamus.	2015-03-14 13:43:48.418265	7	2
91	2014-09-15	2	Et enim fugit harum. Unde rem et totam minima quis. Voluptatibus et ut assumenda sequi veniam odit repudiandae. Illum ratione saepe.	2015-03-14 13:43:48.419118	11	3
92	2014-09-15	7	Quis ut numquam eaque. Ex quod corrupti consequuntur officia. Impedit quia quisquam nam porro fugit sunt. Voluptatem voluptate sapiente.	2015-03-14 13:43:48.419813	15	4
93	2014-09-15	8	Et dolorum quo dolorem quod totam. Ipsa iure nihil earum voluptatem et deleniti. Voluptas dolore ut et reiciendis.	2015-03-14 13:43:48.424455	4	1
94	2014-09-15	7	Magnam odit perspiciatis. Et quaerat provident. Illo neque saepe.	2015-03-14 13:43:48.427574	8	2
95	2014-09-15	4	Consequatur molestias nam. Aut in a repellat sequi eligendi libero. Voluptatibus doloremque debitis itaque culpa eveniet quo sed.	2015-03-14 13:43:48.42847	12	3
96	2014-09-15	0	Nesciunt qui est iure accusantium ducimus in. Ea eos voluptatem sequi cupiditate voluptates voluptate similique. Et est fuga et. Enim repudiandae molestiae nostrum quasi. Libero dolorem consectetur inventore eum.	2015-03-14 13:43:48.429183	16	4
97	2014-08-20	8	Ex qui pariatur. Eveniet omnis cumque deleniti voluptatem officiis sed amet. Qui quibusdam optio debitis. Ut corrupti explicabo ut veniam consectetur.	2015-03-14 13:43:48.434065	1	1
98	2014-08-20	7	Veniam rerum odit aliquid. Dolore qui quibusdam. Dolore minima illo tenetur et quia molestias corrupti. Sunt vitae sapiente perferendis nostrum nihil quidem. Quas possimus velit quis.	2015-03-14 13:43:48.437138	5	2
99	2014-08-20	3	Voluptatem dicta molestiae animi quo et aliquid iusto. Numquam illo quibusdam possimus aspernatur est explicabo. Asperiores aut culpa omnis voluptatem voluptate ut possimus. Voluptates sunt est. Tempore tenetur recusandae.	2015-03-14 13:43:48.43798	9	3
100	2014-08-20	7	Est perspiciatis quos expedita rerum. Cum ullam eos in. Fugit impedit dolorem.	2015-03-14 13:43:48.438732	13	4
101	2014-08-20	8	Velit sit molestiae et iusto. In molestias nihil. Odit temporibus assumenda enim.	2015-03-14 13:43:48.443808	2	1
102	2014-08-20	7	Est ut odio commodi cum ad est. Nesciunt et est rerum at enim ducimus a. Dolorem iusto non recusandae hic. Enim laborum magnam at placeat accusantium maiores.	2015-03-14 13:43:48.446713	6	2
103	2014-08-20	4	Consequatur qui eum eligendi veniam est. Ullam pariatur consequatur. Sapiente molestiae corporis totam voluptas doloribus.	2015-03-14 13:43:48.44749	10	3
104	2014-08-20	0	Soluta ea temporibus explicabo velit molestias a voluptas. Deleniti velit eligendi exercitationem aperiam. Eum debitis accusamus labore est molestiae impedit.	2015-03-14 13:43:48.448206	14	4
105	2014-08-20	9	Velit ut et ad. Eum quas omnis eligendi debitis. Et voluptates ducimus sint dicta ipsa velit.	2015-03-14 13:43:48.452979	3	1
106	2014-08-20	5	Ea sed provident repudiandae deserunt. Delectus repudiandae officiis et dolor reprehenderit at sit. Aut hic voluptate qui. Nulla temporibus deserunt et exercitationem sed nobis. Ut nisi voluptas odio doloremque.	2015-03-14 13:43:48.455819	7	2
107	2014-08-20	3	Delectus beatae praesentium omnis. Est quo voluptates eveniet. Voluptate aut sed est enim sint. Soluta eum suscipit nulla.	2015-03-14 13:43:48.45649	11	3
108	2014-08-20	2	Quae dolor odio fuga. In voluptas ipsa atque libero dolore corporis. Sed pariatur blanditiis id cum voluptatum. Debitis doloremque voluptatem amet.	2015-03-14 13:43:48.457157	15	4
109	2014-08-20	8	Laboriosam sunt beatae. Rem aut est qui aperiam occaecati. Et at non explicabo perspiciatis et quasi. Sint dolorum repudiandae.	2015-03-14 13:43:48.461884	4	1
110	2014-08-20	6	Est voluptatibus voluptatem ipsa ut dolorem atque. Facilis voluptas temporibus repellendus nihil. Quia occaecati et dolor et rerum corporis.	2015-03-14 13:43:48.46472	8	2
111	2014-08-20	0	Eius autem quia aut quas est. Tempora et omnis dolores impedit consequatur ut. Sunt provident consequuntur labore rem dolor quis sit. Tempore assumenda rerum nostrum. Quam nesciunt vitae itaque accusantium modi ad.	2015-03-14 13:43:48.465475	12	3
112	2014-08-20	1	Dolor eos sapiente eius eligendi nihil. Quis iusto rem. Alias ab dignissimos dolor itaque consectetur. Exercitationem voluptas est harum sed autem. Magnam nulla sed odit praesentium consequatur et.	2015-03-14 13:43:48.466172	16	4
113	2014-07-18	10	Harum deleniti ipsam ut quam doloribus. Molestias porro occaecati. Reprehenderit exercitationem architecto ipsa pariatur dolor labore. Deleniti non ea ducimus aut qui odio. Veniam velit voluptatibus est rem fugiat pariatur.	2015-03-14 13:43:48.471319	1	1
114	2014-07-18	7	Maxime molestiae sit voluptas. Tempora repellendus assumenda. Consequatur inventore ex tempora. Aspernatur aperiam et voluptas. Tempore quia pariatur soluta voluptatem quas ex quia.	2015-03-14 13:43:48.47421	5	2
115	2014-07-18	2	Quibusdam dolorem voluptatem sequi animi qui. Et est odit amet explicabo alias ut harum. Delectus corporis nihil omnis. Qui error odio quia dolores.	2015-03-14 13:43:48.475208	9	3
116	2014-07-18	6	Adipisci iure aut est quia ullam neque blanditiis. Sed quos quia sunt. Alias vel quos voluptatem veniam aspernatur laboriosam dolorum.	2015-03-14 13:43:48.475977	13	4
117	2014-07-18	9	Temporibus laborum amet sint architecto debitis sed molestiae. Aut maiores quo qui et quae. Dolorem sint autem impedit consequatur beatae.	2015-03-14 13:43:48.480834	2	1
118	2014-07-18	6	Et id adipisci necessitatibus. Eligendi assumenda nemo. Eius eos voluptate.	2015-03-14 13:43:48.483995	6	2
119	2014-07-18	4	Non libero autem quidem facilis. Quam iste non numquam consequatur ipsa aut. Voluptas amet quos autem. Necessitatibus enim accusamus.	2015-03-14 13:43:48.484747	10	3
120	2014-07-18	4	Aut soluta molestiae ipsam modi molestiae et. Amet minus nostrum. Perspiciatis voluptatem debitis qui.	2015-03-14 13:43:48.485498	14	4
121	2014-07-18	10	Odio perferendis soluta adipisci id animi autem. Nisi omnis quos perspiciatis tempore optio dolorem. Non cupiditate eos.	2015-03-14 13:43:48.490347	3	1
122	2014-07-18	5	Magni tenetur excepturi omnis consectetur sunt ad. Et harum at iure quis. Numquam nemo ut. Eos rerum odio in sed est voluptas. Adipisci ad ut voluptates saepe magnam.	2015-03-14 13:43:48.493418	7	2
123	2014-07-18	2	Nemo voluptatum rerum recusandae veritatis repellendus. Debitis harum quis vel ut aut velit ea. Aut ad quidem quos iusto qui cum. Molestiae rerum cumque ullam. Qui nam commodi quibusdam voluptatem.	2015-03-14 13:43:48.494148	11	3
124	2014-07-18	1	Dignissimos quo voluptas. Qui aut et consectetur quisquam dignissimos. Voluptas est aut quisquam. Non autem ut praesentium. Itaque suscipit incidunt aspernatur est vel eligendi quasi.	2015-03-14 13:43:48.494942	15	4
125	2014-07-18	9	Corporis voluptatem quia et non. Dolore ut sunt vel voluptas quas. Nostrum dicta dolores odit. Delectus ut quia. Molestiae quod qui quo voluptate sit odio.	2015-03-14 13:43:48.500255	4	1
126	2014-07-18	7	Corrupti repellendus nihil iure voluptates sed. Fugiat sed consequatur. Enim unde reiciendis atque ut tempore omnis. Facere praesentium ipsum cum non impedit. Nisi sequi doloremque inventore ducimus fugit est necessitatibus.	2015-03-14 13:43:48.503462	8	2
127	2014-07-18	2	Ut et quo voluptatem consectetur praesentium deleniti enim. Fugit nam et laborum sed autem repellendus. Rem repellendus animi voluptatem aut rerum possimus.	2015-03-14 13:43:48.504336	12	3
128	2014-07-18	9	Cum ratione alias. Consequuntur accusantium qui aspernatur consequatur odio autem ad. Sed est aut qui ullam praesentium pariatur. Commodi tempora labore sunt. Commodi odio sit molestias.	2015-03-14 13:43:48.505162	16	4
129	2014-06-18	10	Aliquid ab aut illum quidem adipisci fuga odio. Sed facere et soluta qui exercitationem quisquam est. Est quisquam et alias vel.	2015-03-14 13:43:48.510339	1	1
130	2014-06-18	7	Cupiditate non quibusdam. Dolores quo facere a maxime et deleniti ut. Aut laborum ut officia adipisci sint et. Qui autem magnam ut neque. Deserunt alias enim.	2015-03-14 13:43:48.513291	5	2
131	2014-06-18	1	Qui vel adipisci magni iure voluptas sit reprehenderit. Aut nemo qui quaerat vel reprehenderit. Doloribus soluta quod tempore cumque. Est eligendi recusandae dolorem enim et explicabo.	2015-03-14 13:43:48.514108	9	3
132	2014-06-18	5	Error nulla non inventore nobis eum quis tempore. Ullam dicta sequi est dolorum distinctio. Tempore quia rerum quis qui labore. Corporis ratione eveniet cum reprehenderit nobis debitis consectetur.	2015-03-14 13:43:48.515011	13	4
133	2014-06-18	10	Quia rem ullam. Doloremque amet accusantium et. In molestias aperiam libero et velit harum dolorem.	2015-03-14 13:43:48.519845	2	1
134	2014-06-18	7	Unde dolores laudantium cum velit dolores natus est. Velit vel similique quis. Perferendis mollitia accusamus ut. Illo sint vero enim aperiam.	2015-03-14 13:43:48.522618	6	2
135	2014-06-18	1	Ab explicabo autem quo odit sit quasi magnam. Ab ut voluptates delectus sed nihil omnis odio. Nostrum voluptatem eos ducimus odio non. Harum et ad facere vitae at sapiente. Dignissimos quisquam accusamus voluptate.	2015-03-14 13:43:48.523439	10	3
136	2014-06-18	1	Velit odio voluptatem et quibusdam dolores. Ut provident ducimus magni porro soluta voluptas repellat. Ut aut cupiditate minima modi molestiae sed porro. Est dolorem iste sit facere cumque sapiente. Vero doloremque quos quo dolorem.	2015-03-14 13:43:48.524158	14	4
137	2014-06-18	9	Dolores voluptatum ab in nobis consectetur exercitationem fuga. Placeat tempora excepturi ut eveniet est minus aut. Ut et odio. Voluptas hic nemo necessitatibus.	2015-03-14 13:43:48.529273	3	1
138	2014-06-18	7	Quis dolorum nemo. Quod fugiat est delectus laudantium porro. Nemo sit consequuntur. Laudantium quo magnam.	2015-03-14 13:43:48.532183	7	2
139	2014-06-18	2	Sapiente voluptates ad. Et nemo temporibus numquam consequatur. Suscipit quia voluptatem corrupti delectus et provident. Voluptate modi aut id. Quam aut nesciunt aspernatur qui.	2015-03-14 13:43:48.532976	11	3
140	2014-06-18	10	Nesciunt est aut vel ipsa numquam dolorum aut. Et officia minima molestiae cum rerum nesciunt laudantium. Rerum voluptatem tenetur voluptatum impedit est. Ut odit provident exercitationem quibusdam. Nostrum harum temporibus aliquam quibusdam reiciendis exercitationem qui.	2015-03-14 13:43:48.533607	15	4
141	2014-06-18	10	Error aut soluta tempore vero. Est aut beatae. Nemo nesciunt quibusdam quisquam. Molestiae harum excepturi aut debitis cupiditate. Ab quos quo.	2015-03-14 13:43:48.538743	4	1
142	2014-06-18	5	Repellendus necessitatibus quidem amet omnis eaque. Quis earum rem voluptas. Cum sapiente et qui aut eum.	2015-03-14 13:43:48.541645	8	2
143	2014-06-18	0	Labore maxime qui. Corporis explicabo qui voluptas ipsam. Tempora eius id accusamus odit dolorum. Magnam inventore nemo provident amet autem. Ut et assumenda est velit.	2015-03-14 13:43:48.542469	12	3
144	2014-06-18	0	Voluptatibus facere et nulla cum dolorum. Consequatur voluptatum non quas rerum qui. Hic aut vel neque non fugit consequatur itaque. Accusantium aut consequatur iste. Ad reiciendis rem animi corporis inventore.	2015-03-14 13:43:48.543291	16	4
145	2014-05-19	10	Minima autem tempora non vel. Veniam quibusdam nam natus itaque quo quos dignissimos. Vel sit in qui sed facilis eveniet. Amet illum aut qui dolorem.	2015-03-14 13:43:48.548734	1	1
146	2014-05-19	5	Dolores rerum necessitatibus ipsum alias quia. Omnis molestiae nisi voluptates inventore consequuntur iure tenetur. Autem consequatur et ipsum quo. Fugiat eos optio amet quos et velit.	2015-03-14 13:43:48.551735	5	2
147	2014-05-19	4	Aut totam sit similique ipsa qui. Rerum quidem in deserunt. Voluptates quia quasi sunt et culpa.	2015-03-14 13:43:48.55252	9	3
149	2014-05-19	10	Provident quaerat est dolor repellat distinctio quis. Neque beatae iusto accusamus ea. Omnis est animi. Voluptates quod dolores incidunt quasi ipsam illum aut.	2015-03-14 13:43:48.558109	2	1
150	2014-05-19	5	Velit iure non atque ea autem aut dolor. Qui ab molestiae non excepturi et illo. Aut voluptates sed et atque sint aut sequi. Ut sunt optio repellat.	2015-03-14 13:43:48.560962	6	2
151	2014-05-19	3	Atque veniam et quibusdam vel fugiat qui omnis. Et officiis sit quidem. Provident nesciunt quae non. Voluptas vitae ut fugit expedita quis facilis voluptatibus. Laborum fuga doloribus.	2015-03-14 13:43:48.561734	10	3
152	2014-05-19	0	Occaecati deleniti asperiores. Esse deserunt non magni. Aut voluptas rerum iusto odio iure.	2015-03-14 13:43:48.562542	14	4
153	2014-05-19	9	Molestias dolorum quo voluptatem. Similique et nulla nostrum id aliquid ullam. Neque in est veritatis dolorem ut fugit. Temporibus quibusdam voluptatem occaecati consectetur quis corporis. Aut et excepturi in.	2015-03-14 13:43:48.567614	3	1
154	2014-05-19	7	Itaque ea ut vitae aut consequatur quos. Cumque sunt reiciendis. Labore facilis tempora ea sed.	2015-03-14 13:43:48.570426	7	2
155	2014-05-19	3	Laboriosam totam eligendi iusto consequatur hic in. Accusamus dolores molestiae repellat commodi. Ipsum fugiat officia pariatur quas maxime. Doloribus et in saepe veritatis nostrum ducimus sequi.	2015-03-14 13:43:48.571155	11	3
156	2014-05-19	3	Alias suscipit nam eveniet expedita saepe. Incidunt cumque non cupiditate in rerum ut sunt. Odit sit quis. Et amet maiores dolore aperiam expedita quas. Qui distinctio nostrum molestiae ipsam.	2015-03-14 13:43:48.571817	15	4
157	2014-05-19	9	Consectetur assumenda aut unde soluta vel enim. Qui aliquid exercitationem sed molestiae. Nostrum sapiente iure sint aperiam.	2015-03-14 13:43:48.576337	4	1
158	2014-05-19	5	Explicabo possimus accusantium dolores. Quis quaerat porro tempora praesentium rem quisquam. Soluta assumenda cumque commodi dolor atque.	2015-03-14 13:43:48.57943	8	2
159	2014-05-19	3	Ea distinctio facere quos. Qui repudiandae aut. Officiis cupiditate voluptate voluptas aut harum ut necessitatibus. Officiis dicta ab porro. Dicta perferendis dolores quos sint reprehenderit vel.	2015-03-14 13:43:48.580269	12	3
160	2014-05-19	3	Eos in nemo autem ut. Doloremque quidem excepturi dignissimos. Error velit eaque incidunt.	2015-03-14 13:43:48.580982	16	4
161	2014-04-26	8	Facere soluta est odio doloremque eum tempora similique. Quo quia rem sint perferendis harum. Saepe sequi quia est ducimus in ab ad. Vel aut architecto qui vitae odio sunt eos. Qui rerum ab.	2015-03-14 13:43:48.586059	1	1
162	2014-04-26	5	Enim temporibus quia et explicabo ut sed amet. Eius hic excepturi consequatur ipsa et. Unde est repellendus totam ut.	2015-03-14 13:43:48.589031	5	2
163	2014-04-26	4	Aut corporis officiis et nihil quae. Dolor quis vel asperiores aut amet facilis natus. Excepturi maxime non eum blanditiis qui aut. Ipsam hic voluptatem eos mollitia. Nam voluptas mollitia.	2015-03-14 13:43:48.58989	9	3
164	2014-04-26	10	Quia impedit distinctio aut iure numquam doloremque. Vel tempora perspiciatis fugiat in qui error maiores. Ea voluptatem amet culpa aut error ullam. Dolorem voluptatem sit voluptatibus. Exercitationem illum nostrum ex asperiores labore optio.	2015-03-14 13:43:48.590643	13	4
165	2014-04-26	10	Libero provident voluptas qui. Exercitationem impedit aut expedita laboriosam quis rerum et. At excepturi laborum minus officiis aut. Autem minima magnam repellat dolores. Nesciunt eos ea laboriosam eligendi quia.	2015-03-14 13:43:48.595874	2	1
166	2014-04-26	7	Omnis magnam perferendis non voluptatem voluptate deserunt numquam. Ipsum esse sunt. Officia doloribus minima et quia quod dolorem. Vitae sed quidem ea laborum.	2015-03-14 13:43:48.598946	6	2
167	2014-04-26	1	Nulla consequuntur qui dolorum. Impedit quo quas. Adipisci eum rem perferendis reprehenderit molestiae in nesciunt. Rerum dolor corrupti quo.	2015-03-14 13:43:48.599811	10	3
168	2014-04-26	6	Sint ipsam aliquid minima sed odio rerum. Eos maxime eos eaque. Molestiae minus dolorum voluptates vel sit.	2015-03-14 13:43:48.600526	14	4
169	2014-04-26	8	Omnis numquam aut. Ipsam error voluptatum nulla dicta fugit sapiente qui. Delectus corrupti doloribus magnam sint qui ut dolorum. Dolores error et voluptatem maxime sit nesciunt id. Sit nam reprehenderit eveniet et maxime autem.	2015-03-14 13:43:48.605498	3	1
170	2014-04-26	6	Vitae perspiciatis velit accusantium. Amet dolor soluta atque ipsum perspiciatis facere odio. Veniam aut veritatis cupiditate minima saepe libero animi. Ut dolores ab quibusdam est non veniam autem. Unde eum est dolores nobis eveniet esse.	2015-03-14 13:43:48.608304	7	2
171	2014-04-26	1	Quia soluta necessitatibus dignissimos. Necessitatibus est amet harum alias voluptate cumque. Vel consectetur ut quia consequatur necessitatibus expedita perferendis. Est incidunt modi aperiam.	2015-03-14 13:43:48.609366	11	3
172	2014-04-26	3	Doloribus quidem autem dolorem. Laudantium perspiciatis consequatur. Eligendi et consequatur enim. In sapiente maxime.	2015-03-14 13:43:48.61026	15	4
173	2014-04-26	8	Officia sequi sapiente reiciendis quos repellendus. Eius odit reprehenderit ut similique temporibus. Velit et repudiandae dolorem.	2015-03-14 13:43:48.615086	4	1
174	2014-04-26	7	Consectetur quia aut perspiciatis. Aut facilis nam consequatur. Officia quia est quam voluptates et et. Doloremque molestiae temporibus distinctio animi. Veritatis ullam error.	2015-03-14 13:43:48.617941	8	2
175	2014-04-26	1	Officia eum sint illum reprehenderit eveniet. Quod et et. In consequatur voluptas quis.	2015-03-14 13:43:48.618937	12	3
176	2014-04-26	2	Vel ut aut accusamus. Aut architecto autem at eligendi. In debitis numquam cum perferendis expedita. Laboriosam similique quae beatae illo vero est voluptas.	2015-03-14 13:43:48.619681	16	4
\.


--
-- Name: reviews_id_seq; Type: SEQUENCE SET; Schema: public; Owner: David
--

SELECT pg_catalog.setval('reviews_id_seq', 176, true);


--
-- Data for Name: users; Type: TABLE DATA; Schema: public; Owner: David
--

COPY users (id, username, password) FROM stdin;
\.


--
-- Data for Name: user_homes; Type: TABLE DATA; Schema: public; Owner: David
--

COPY user_homes (id, user_id, home_id) FROM stdin;
\.


--
-- Name: user_homes_id_seq; Type: SEQUENCE SET; Schema: public; Owner: David
--

SELECT pg_catalog.setval('user_homes_id_seq', 1, false);


--
-- Name: users_id_seq; Type: SEQUENCE SET; Schema: public; Owner: David
--

SELECT pg_catalog.setval('users_id_seq', 1, false);


--
-- PostgreSQL database dump complete
--

