--
-- PostgreSQL database dump
--

SET statement_timeout = 0;
SET lock_timeout = 0;
SET client_encoding = 'UTF8';
SET standard_conforming_strings = on;
SET check_function_bodies = false;
SET client_min_messages = warning;

SET search_path = public, pg_catalog;

--
-- Data for Name: forms; Type: TABLE DATA; Schema: public; Owner: David
--

COPY forms (id, name, question) FROM stdin;
1	Foster Youth	On a scale of 0-10, where 0 is not likely and 10 is extremely likely how likely are you to recommend your foster home to a friend in the foster care system?
2	Parent Form	On a scale of 0-10, where 0 is not likely and 10 is extremely likely, how likely are you to recommend this foster home to another foster parent?
3	Worker Form	On a scale of 0-10, where 0 is not likely and 10 is extremely likely, how likely are you to recommend this foster home?
\.


--
-- Name: forms_id_seq; Type: SEQUENCE SET; Schema: public; Owner: David
--

SELECT pg_catalog.setval('forms_id_seq', 3, true);


--
-- Data for Name: homes; Type: TABLE DATA; Schema: public; Owner: David
--

COPY homes (id, name) FROM stdin;
1	776 Dach Meadows
2	99197 Leonie Rapid
3	373 Steuber Lakes
4	431 Garett Center
\.


--
-- Name: homes_id_seq; Type: SEQUENCE SET; Schema: public; Owner: David
--

SELECT pg_catalog.setval('homes_id_seq', 5, true);


--
-- Data for Name: reviewers; Type: TABLE DATA; Schema: public; Owner: David
--

COPY reviewers (id, name, type) FROM stdin;
1	Felicita Koch PhD	Youth
2	Annamae Bode	Youth
3	Kali Osinski	Parent
4	Johann Schuster	Worker
5	Felipa Dietrich Jr.	Youth
6	Bud Orn	Youth
7	Mrs. Samanta Huels	Parent
8	Amalia Champlin MD	Worker
9	Marion Pacocha II	Youth
10	Antwan Daugherty	Youth
11	Felton Heathcote	Parent
12	Aurelie Hartmann	Worker
13	Rasheed Von	Youth
14	Kirstin Hagenes	Youth
15	Ms. Al Wolff	Parent
16	Macey Kiehn IV	Worker
\.


--
-- Name: reviewers_id_seq; Type: SEQUENCE SET; Schema: public; Owner: David
--

SELECT pg_catalog.setval('reviewers_id_seq', 16, true);


--
-- Data for Name: reviews; Type: TABLE DATA; Schema: public; Owner: David
--

COPY reviews (id, review_date, rating, comment, ts, reviewer_id, home_id) FROM stdin;
1	2015-02-14	10	Quo ut optio. Cumque ipsam laboriosam ad eum unde. Amet deserunt sequi nisi dolor dolores quos. Doloremque eveniet sint ea voluptatem dignissimos nobis aspernatur. Veritatis explicabo nulla officiis.	2015-03-16 16:35:03.412661	1	1
2	2015-02-14	5	Ullam natus sit quia est magnam consequatur. Nemo similique inventore ad numquam eos molestias voluptatum. Aperiam labore quaerat hic cumque. Omnis explicabo vel officiis eos accusamus.	2015-03-16 16:35:03.419681	5	2
3	2015-02-14	0	Rerum minus minima iusto omnis ducimus in dignissimos. Voluptatem architecto exercitationem dolor veritatis. Dicta est totam quos saepe temporibus sapiente exercitationem. Iure esse et architecto rem et quis quo. Eveniet et et aut rerum doloribus.	2015-03-16 16:35:03.420534	9	3
4	2015-02-14	8	Cupiditate aut eum maiores architecto omnis. Corrupti eveniet culpa laborum ad quasi et. Explicabo et vitae nihil neque fugit quis.	2015-03-16 16:35:03.421226	13	4
5	2015-02-14	10	Sunt facilis consequatur consectetur dolores. Minima libero recusandae totam magni enim dicta voluptate. Enim minus voluptatem illum omnis vero dolorem.	2015-03-16 16:35:03.426357	2	1
6	2015-02-14	7	Ea blanditiis et. Saepe ipsam accusantium enim. Ut fugit eaque aut qui esse cupiditate.	2015-03-16 16:35:03.429344	6	2
7	2015-02-14	1	Vel quos eveniet tempore voluptatem. Totam sint ex rerum odio. Itaque id quis molestias vero. Nisi numquam adipisci ut quam dicta aut. Perferendis et aut dignissimos qui dolorem id.	2015-03-16 16:35:03.430088	10	3
8	2015-02-14	2	Qui expedita est perspiciatis. Sed iusto aperiam. Voluptatem dolores eum sed.	2015-03-16 16:35:03.431022	14	4
9	2015-02-14	10	Temporibus ipsum dicta facere exercitationem et qui quis. Cupiditate dolores sint nobis praesentium expedita. Odit vitae quia maxime itaque consequatur vel. Perferendis aut ducimus et ea nemo totam. Corrupti error ea consequatur placeat porro molestiae possimus.	2015-03-16 16:35:03.435961	3	1
10	2015-02-14	7	Atque veniam maxime libero perferendis. Temporibus ea rerum. Vel ad consectetur. Quam nisi est.	2015-03-16 16:35:03.438764	7	2
11	2015-02-14	4	Quae accusantium voluptate voluptatem id repellat mollitia. Sit delectus illum sint sequi aperiam. Veniam voluptatem eligendi explicabo sed. Laudantium cupiditate alias sint.	2015-03-16 16:35:03.439673	11	3
12	2015-02-14	2	Corrupti delectus quia sed voluptatem. Quo vel nemo impedit suscipit sit ratione. Sit laborum at adipisci et est vitae odit. Corrupti optio sint id vel perspiciatis rerum id.	2015-03-16 16:35:03.440383	15	4
13	2015-02-14	8	Delectus tempora mollitia quisquam iusto. Officia et dolores eum iusto rerum. Nostrum quisquam repellat dolore.	2015-03-16 16:35:03.445381	4	1
14	2015-02-14	6	Eveniet ratione at id ducimus non magni provident. Ea velit corrupti ut quod. Velit eligendi dolor dolore est molestiae. Ducimus ullam in quo omnis id.	2015-03-16 16:35:03.448299	8	2
15	2015-02-14	1	Unde eaque porro nesciunt voluptate dolorem ut voluptatum. Cumque neque eligendi ut commodi. Ducimus quo et explicabo. Ex impedit expedita. Ipsa explicabo est eaque.	2015-03-16 16:35:03.449131	12	3
16	2015-02-14	0	Fuga eos iure molestiae nam voluptas. Provident dolorem voluptas. Molestias qui dolor nobis quam doloribus. Magni qui qui ut cupiditate sed iure amet. Quo porro consequuntur quibusdam alias molestiae iure ea.	2015-03-16 16:35:03.449861	16	4
17	2015-01-15	10	Natus omnis esse ut id. Dolorum sint non consequatur adipisci dolores. Blanditiis veniam dignissimos ut saepe illum quam.	2015-03-16 16:35:03.454656	1	1
18	2015-01-15	6	Perspiciatis dicta provident. Nemo dolores quod distinctio. Quo dolorum voluptatem. Et temporibus ad sunt enim dolore eveniet error. Ducimus dolor totam qui praesentium quis.	2015-03-16 16:35:03.457541	5	2
19	2015-01-15	4	Iste illum repellat. Illum similique fugiat porro id sit dolorum earum. Cum hic sed rem architecto molestias similique quibusdam. Est reprehenderit aliquid accusamus impedit minus ipsum.	2015-03-16 16:35:03.458356	9	3
20	2015-01-15	2	Voluptatem et iste dignissimos placeat. Fugiat porro aspernatur. Sapiente quos dolor laudantium necessitatibus similique ad. Minima accusamus ad.	2015-03-16 16:35:03.45901	13	4
21	2015-01-15	9	Suscipit ipsa ex est alias reiciendis tempora quasi. Doloremque excepturi voluptatem harum natus. Harum aut pariatur nam et reprehenderit officiis eveniet. Quia reiciendis vel ab odio.	2015-03-16 16:35:03.463824	2	1
22	2015-01-15	6	Ex maxime praesentium sed voluptatem et velit. Vel temporibus iste. Ad eos et magnam odio placeat. Veniam quam nam. Aut eaque consectetur quos omnis nemo natus.	2015-03-16 16:35:03.466646	6	2
23	2015-01-15	1	Maiores nam minus omnis nihil veniam quam aliquid. Deserunt sit dicta harum quia. Nemo sit voluptatem ut. Maxime eum laborum ab atque. Eaque dolor qui deleniti nisi dolorem nam.	2015-03-16 16:35:03.467422	10	3
24	2015-01-15	8	Aut est cumque illum. Incidunt in rem odit quia. Consequuntur labore ut. Quisquam id quos magnam. Est aut error.	2015-03-16 16:35:03.46814	14	4
25	2015-01-15	8	Eum qui excepturi et distinctio libero ut est. Provident aut quia culpa quaerat consectetur qui unde. Quisquam nostrum qui amet. In et id. Est et consectetur.	2015-03-16 16:35:03.473211	3	1
26	2015-01-15	5	Placeat tenetur sed. Qui sed suscipit aut. Ratione occaecati non nobis.	2015-03-16 16:35:03.476319	7	2
27	2015-01-15	2	Quaerat et et. Veniam perferendis et natus. Consectetur consequatur qui itaque vel fuga numquam enim.	2015-03-16 16:35:03.47716	11	3
28	2015-01-15	8	Nam quidem magnam voluptatem. Culpa ea vel tenetur aspernatur consequatur enim architecto. Dolor quia repudiandae asperiores ad perferendis est.	2015-03-16 16:35:03.477877	15	4
29	2015-01-15	10	Nihil atque non id voluptate sunt. Beatae aut quasi praesentium non et ea. Quis fugit debitis qui et tempore.	2015-03-16 16:35:03.48266	4	1
30	2015-01-15	6	Voluptas accusamus voluptatum soluta doloribus qui itaque eos. Accusantium dolore libero velit quis. Qui error ducimus tempora doloremque officia corrupti modi. Ab libero qui perspiciatis minus sequi. Autem similique quidem rerum vero sit.	2015-03-16 16:35:03.485517	8	2
31	2015-01-15	0	Eaque quo harum. Corporis quis modi nihil ut qui ea. Id quia recusandae distinctio possimus.	2015-03-16 16:35:03.486539	12	3
32	2015-01-15	10	Deserunt accusamus similique. Est quae sed. Velit atque eos eum. Sequi ut ut et incidunt.	2015-03-16 16:35:03.487502	16	4
33	2014-12-16	9	Assumenda repellendus quia optio ut ratione eum. Earum laboriosam et doloribus. Sint omnis molestiae laboriosam necessitatibus odit rerum repudiandae. Provident excepturi voluptate est nemo odit adipisci. Amet quas laborum.	2015-03-16 16:35:03.492613	1	1
34	2014-12-16	6	Blanditiis cum rerum fugiat sint ipsam. Officia quia quasi. Enim quia voluptatum dolor laudantium qui quis.	2015-03-16 16:35:03.495571	5	2
35	2014-12-16	4	Voluptatem hic est dolorem. In ab perspiciatis sit perferendis excepturi asperiores aut. Et neque iusto occaecati. Voluptatum recusandae totam amet ut in ea et.	2015-03-16 16:35:03.496378	9	3
36	2014-12-16	1	Amet repellendus et nihil. Qui deleniti iusto laborum aut maiores quia. Cumque aut id modi esse quae.	2015-03-16 16:35:03.497069	13	4
37	2014-12-16	10	Et odio expedita explicabo. Velit non qui quo. Ducimus omnis fuga dolores. Veritatis ipsum et ut aut. Corrupti dolore praesentium rerum blanditiis hic porro perspiciatis.	2015-03-16 16:35:03.502022	2	1
38	2014-12-16	7	Non quia quis. Autem reiciendis laboriosam veritatis. Temporibus autem amet dolore facilis. Rerum harum quas.	2015-03-16 16:35:03.505218	6	2
39	2014-12-16	2	Magni iure expedita deleniti inventore sed. Voluptatem fuga sed blanditiis rerum. Non numquam esse perferendis qui qui. Quas dolor dolorem accusantium. At quia aut nihil quas labore quam.	2015-03-16 16:35:03.506048	10	3
40	2014-12-16	10	Recusandae eos voluptatem. Eum ea quod quis deserunt. Consequuntur in hic officiis optio sed dolorum est.	2015-03-16 16:35:03.507063	14	4
41	2014-12-16	8	Dolorem a error laboriosam minus. Quisquam vel ducimus. Autem sint laboriosam et. Minus sed quasi aspernatur debitis.	2015-03-16 16:35:03.511851	3	1
42	2014-12-16	5	Rerum quia officiis. Consequuntur autem aut rerum eveniet id. At alias ea qui error laboriosam neque qui. Unde ratione assumenda numquam corrupti reiciendis.	2015-03-16 16:35:03.514712	7	2
43	2014-12-16	0	Sit facilis aut esse ut repellendus ex sint. Commodi cum reiciendis. Molestiae ut neque. Maiores in voluptas soluta similique sunt.	2015-03-16 16:35:03.515407	11	3
44	2014-12-16	2	Accusantium delectus sed facere et voluptates. Quidem molestiae omnis quia voluptatem non voluptatem officia. Aut deleniti sequi architecto consequatur non officiis.	2015-03-16 16:35:03.516173	15	4
45	2014-12-16	9	Ut vel minus perspiciatis qui quas. Iste optio et dolore. In qui enim consequatur neque. Laudantium dolor quidem eius qui enim itaque.	2015-03-16 16:35:03.52164	4	1
46	2014-12-16	6	Aliquam nam temporibus et. Deleniti suscipit velit enim pariatur non quam odit. Et ea quia beatae officia in et omnis. Aut in ut praesentium dolor numquam eius sunt. Perferendis et a.	2015-03-16 16:35:03.524544	8	2
47	2014-12-16	3	Quo vero sit debitis. Saepe ex odit et est molestiae. Dolorem commodi accusantium explicabo quibusdam a vel. Inventore ut et omnis et quae. Culpa cupiditate iste facilis.	2015-03-16 16:35:03.525352	12	3
48	2014-12-16	4	Qui voluptatum iure. Aut excepturi ut. Aliquam adipisci nihil quo dicta sunt consectetur. Quisquam ab beatae. Veritatis cum accusantium quibusdam et quia eum itaque.	2015-03-16 16:35:03.526099	16	4
49	2014-11-20	10	Ut sapiente eligendi qui itaque quia sed maiores. Dolor enim qui voluptatem est officiis. Et et odit. Est iusto magni voluptas voluptatem repellat officiis.	2015-03-16 16:35:03.531671	1	1
50	2014-11-20	5	Praesentium quas consequatur sit velit. In cupiditate dicta voluptas sunt beatae. Nobis voluptas itaque reiciendis sunt rerum eaque.	2015-03-16 16:35:03.534575	5	2
51	2014-11-20	4	Fugiat ut animi molestiae natus. Vel distinctio eligendi aliquam iusto in. Delectus sunt praesentium. Recusandae et soluta aut reprehenderit hic et nemo.	2015-03-16 16:35:03.535262	9	3
52	2014-11-20	6	Aut et perferendis autem porro reiciendis. Officia placeat repudiandae laborum consequatur suscipit pariatur reprehenderit. Ab culpa ullam.	2015-03-16 16:35:03.535926	13	4
53	2014-11-20	10	Ut error sit. Magnam veritatis iste accusantium. Officiis distinctio sunt eum. Ipsa temporibus laudantium iste error recusandae eos vel.	2015-03-16 16:35:03.540698	2	1
54	2014-11-20	7	Fugiat itaque sed error doloribus. Omnis iure exercitationem animi asperiores est esse. Eligendi laudantium est iusto est enim sunt nisi. Quisquam eius explicabo. Consequatur explicabo quis.	2015-03-16 16:35:03.5436	6	2
55	2014-11-20	2	Quidem et dicta omnis consectetur. Optio est et nemo. Quia eveniet animi cumque beatae hic possimus voluptatem. Cupiditate officiis ipsam qui aut. Eos quisquam aut magni veniam ut placeat minima.	2015-03-16 16:35:03.544457	10	3
56	2014-11-20	4	Consequuntur voluptate odit explicabo itaque ullam. Hic ipsam iusto. Modi architecto aspernatur. Facere odio dolores blanditiis.	2015-03-16 16:35:03.545206	14	4
57	2014-11-20	9	Voluptatem error aut illo consectetur veritatis. Veritatis omnis tempore id eaque. Dolor est et reprehenderit a.	2015-03-16 16:35:03.550136	3	1
58	2014-11-20	5	Amet facere porro molestiae sunt quos aperiam. In fugit esse non qui corporis. Consequatur ipsa accusamus quibusdam. Sit qui nihil culpa. A dolor officiis nemo voluptatem modi.	2015-03-16 16:35:03.553121	7	2
59	2014-11-20	4	Dolorum a eius et molestiae. Molestias maxime quis quasi quia delectus. Quae nam est minima aspernatur sunt.	2015-03-16 16:35:03.553832	11	3
60	2014-11-20	6	Eveniet maiores et iusto voluptatum porro nihil in. Atque nihil consequatur animi deserunt laborum exercitationem. Quia recusandae sit nihil aut ut qui repellat. Eius et quibusdam ut tempore nemo modi ducimus.	2015-03-16 16:35:03.55466	15	4
61	2014-11-20	9	Est totam molestiae nesciunt similique accusantium. Officia alias iure quia. Magnam vel ut dolorem aperiam tenetur. Perspiciatis sed adipisci dolorem quisquam est vero repellendus. Facilis quibusdam sint consequatur et voluptatibus.	2015-03-16 16:35:03.559743	4	1
62	2014-11-20	5	Dolorem nostrum dolores neque aperiam nam excepturi fugit. Dolor alias voluptatem. Corrupti autem et iusto voluptatum quis minus. Nihil ad labore illum natus dolor. Repellendus fugiat tenetur omnis sint.	2015-03-16 16:35:03.562781	8	2
63	2014-11-20	2	Officia nulla in et facere et. Et molestiae porro. Ratione illum aliquam ut ab optio.	2015-03-16 16:35:03.56354	12	3
64	2014-11-20	0	Nihil explicabo deleniti. Ipsam vitae ut amet dolorem et rem omnis. Optio reprehenderit fugiat quidem est in.	2015-03-16 16:35:03.564457	16	4
65	2014-10-19	10	Et sint deleniti excepturi voluptatem occaecati quae. Quia ut deleniti ut dolor dolores sunt. Dolorum et unde doloremque.	2015-03-16 16:35:03.569402	1	1
66	2014-10-19	7	Laboriosam ut voluptates optio delectus nobis consequuntur ex. Nisi totam id. Autem et soluta vel et sed veniam. Tenetur ut ipsam tempore accusamus itaque.	2015-03-16 16:35:03.572258	5	2
67	2014-10-19	0	Voluptatum natus similique. Quia rerum distinctio. Velit consequatur accusantium.	2015-03-16 16:35:03.572951	9	3
68	2014-10-19	9	Repellendus ut perferendis sit molestiae. In cumque tenetur quasi. Adipisci ex corporis est accusamus quis voluptas. Non ut minus.	2015-03-16 16:35:03.573795	13	4
69	2014-10-19	10	Quidem porro est autem quisquam. Qui recusandae voluptatem consequatur dolores. Eius dolor eum reprehenderit illum quo voluptatem.	2015-03-16 16:35:03.578962	2	1
70	2014-10-19	5	Corporis libero esse. Unde cum nam rerum cumque culpa ad. Aliquid id laboriosam quod voluptatum illum iusto. Ut facere iure.	2015-03-16 16:35:03.581957	6	2
71	2014-10-19	3	Culpa provident sint et harum pariatur aut nam. Placeat nemo ducimus. Corporis error voluptatem et. Quos praesentium ea quo natus.	2015-03-16 16:35:03.582637	10	3
72	2014-10-19	4	Quos omnis et illum dolore vel quam commodi. Tempore nulla vel nisi cumque quaerat. Aspernatur similique et commodi sit et. Ut quidem dolores laborum beatae ut.	2015-03-16 16:35:03.583306	14	4
73	2014-10-19	9	Cum aliquid dolorum adipisci molestias quod est rerum. Incidunt unde sunt modi non quisquam temporibus enim. Sed molestiae unde recusandae. Laboriosam inventore est explicabo autem.	2015-03-16 16:35:03.588119	3	1
74	2014-10-19	5	Exercitationem inventore eius blanditiis vero et. Voluptatem corrupti ea est et cum. Non minima inventore harum animi in. Consequatur ad qui suscipit explicabo. Omnis voluptatem dolore.	2015-03-16 16:35:03.59102	7	2
75	2014-10-19	3	Amet aspernatur quam dolorum. Asperiores culpa et dolorem nam sequi sint. Sit libero alias. Maxime tempore ullam eligendi rem voluptatem non.	2015-03-16 16:35:03.591857	11	3
76	2014-10-19	10	Incidunt voluptates ipsum quae tempora aliquid dolores. Consequuntur animi fugiat laboriosam nihil ullam. Dolores et ducimus. Hic corrupti placeat quibusdam maiores.	2015-03-16 16:35:03.59256	15	4
77	2014-10-19	8	Dignissimos modi voluptas. Omnis corporis animi repellat et. Magnam quia amet numquam reiciendis. Laudantium autem et quis.	2015-03-16 16:35:03.597346	4	1
78	2014-10-19	5	Qui a ut nam amet temporibus qui. Magni quisquam molestiae odit nihil ut facilis blanditiis. Voluptatem doloremque explicabo optio quo nisi corrupti. Repudiandae occaecati vitae.	2015-03-16 16:35:03.600198	8	2
79	2014-10-19	2	Dolore consectetur dignissimos. Sed distinctio veritatis et porro consequuntur est fuga. Accusamus maiores temporibus. Voluptas impedit et vel minima earum aut qui. Amet magnam ex nobis iusto.	2015-03-16 16:35:03.601021	12	3
80	2014-10-19	1	Quisquam molestias enim libero ratione autem. Consequatur odit placeat. Optio vitae dolores ex. Eius quo corrupti sed eaque.	2015-03-16 16:35:03.601703	16	4
81	2014-09-23	9	Omnis dolor neque. Distinctio blanditiis doloribus omnis quasi dolores fugiat omnis. Omnis eius aut autem laborum.	2015-03-16 16:35:03.606396	1	1
82	2014-09-23	5	Et voluptatibus rerum tenetur temporibus reprehenderit quos. Quasi nulla necessitatibus. Provident ipsum est cum reprehenderit.	2015-03-16 16:35:03.609281	5	2
83	2014-09-23	1	Dolorem ipsum enim. Sed quo voluptatem odit autem. Officiis tempore ullam adipisci.	2015-03-16 16:35:03.610189	9	3
84	2014-09-23	5	Ut amet in ut voluptatem vel. Quaerat aperiam veniam deleniti sit nihil iste. Inventore autem atque provident. Sunt fuga adipisci sed. Eos qui numquam.	2015-03-16 16:35:03.610909	13	4
85	2014-09-23	10	Quas at et. Iure cum voluptatem laborum sint quia odio. Explicabo minus fugit nam dolor nulla omnis. Dolorum laborum aut et.	2015-03-16 16:35:03.615844	2	1
86	2014-09-23	5	Dolorum at blanditiis ipsum ea voluptate. Cupiditate voluptatem incidunt repudiandae aut. Voluptas eos quibusdam vel. Adipisci veritatis illum omnis aspernatur rerum sint harum.	2015-03-16 16:35:03.618679	6	2
87	2014-09-23	2	Officiis hic perspiciatis. Nihil iusto laborum ut consequatur. Fugiat quis voluptatum vel voluptatem doloribus ut. Voluptatem eius reiciendis excepturi consectetur.	2015-03-16 16:35:03.619489	10	3
88	2014-09-23	1	Alias et tempore. Aliquid occaecati alias eos. Sit rem expedita.	2015-03-16 16:35:03.620221	14	4
89	2014-09-23	8	Vel et officia rerum nisi voluptatibus eaque non. Dolores ut maxime. Itaque aut nisi dolor. Nihil magnam similique. Qui delectus aspernatur et et aut.	2015-03-16 16:35:03.625291	3	1
90	2014-09-23	6	Aliquam enim eum repudiandae inventore aut porro expedita. Optio quia qui voluptatem ut sit. Qui corrupti sit. Adipisci placeat sint ex neque. Aut eveniet aliquam dolorum accusantium aliquid tempora omnis.	2015-03-16 16:35:03.628311	7	2
91	2014-09-23	4	Quae sit excepturi placeat. Nulla quo porro aut quis consequatur. Est neque amet porro. Quaerat est tempora laborum aut sit aut doloribus.	2015-03-16 16:35:03.629009	11	3
92	2014-09-23	2	Esse sit qui possimus quia est facilis. Explicabo esse et ullam vitae autem et ipsam. Et suscipit sint pariatur culpa eum. Et et ipsa.	2015-03-16 16:35:03.629677	15	4
93	2014-09-23	8	Et beatae iste maxime animi omnis. Accusantium cum cumque rerum nobis quas et. Eum deserunt est dignissimos tenetur. Possimus eveniet quos.	2015-03-16 16:35:03.634557	4	1
94	2014-09-23	7	Neque eos tenetur et quo. Mollitia corrupti iusto. Voluptas enim fugiat ut.	2015-03-16 16:35:03.637496	8	2
95	2014-09-23	2	Est aliquam amet nulla. Est sapiente deserunt excepturi accusantium architecto quia omnis. Consequuntur culpa assumenda ipsum qui. Consequatur officia aspernatur similique amet fugiat veniam nesciunt. Dolorum ad ut eum.	2015-03-16 16:35:03.63833	12	3
96	2014-09-23	4	Nihil modi in eveniet totam fugiat occaecati necessitatibus. Qui quia ad illum qui consectetur vitae officiis. Animi quasi asperiores in tempora odit consequuntur minus.	2015-03-16 16:35:03.639075	16	4
97	2014-08-22	8	Atque dolores et vitae. Quis et deleniti aut voluptatibus fugiat qui et. Sint fuga iusto facilis. Illo voluptatem saepe.	2015-03-16 16:35:03.643894	1	1
98	2014-08-22	7	Et id consequuntur. Vel minima debitis porro dicta qui. Fugit esse facere qui unde saepe sed illo.	2015-03-16 16:35:03.646766	5	2
99	2014-08-22	1	Est adipisci soluta aut at doloribus ullam eveniet. Voluptas itaque consequuntur qui dolorem necessitatibus quia omnis. Omnis et distinctio doloremque.	2015-03-16 16:35:03.647647	9	3
100	2014-08-22	2	Ut quia deserunt ratione modi repellat. Cumque nemo vel. Maxime officiis rerum numquam.	2015-03-16 16:35:03.648378	13	4
101	2014-08-22	8	Repellat cum est unde. Accusantium autem voluptatem dolorem laudantium. Sapiente ut omnis aut vel. Molestiae ipsum minus et. Aut recusandae sed voluptatibus modi.	2015-03-16 16:35:03.653702	2	1
102	2014-08-22	6	Assumenda veritatis quo rerum ducimus. Quia in occaecati nemo. Repellendus qui nostrum incidunt non officia rem dolor.	2015-03-16 16:35:03.656751	6	2
103	2014-08-22	0	Praesentium earum maiores quis. Consequatur nam cum recusandae eaque. Soluta rerum nostrum. Assumenda tempore quisquam minus quae. Vitae quas ipsa.	2015-03-16 16:35:03.657639	10	3
104	2014-08-22	7	Et molestias et non et. Nulla et quis. Ullam dolorem ipsa enim cupiditate consequatur. Est tempore aut. Eveniet et et qui ad ipsa ipsam voluptas.	2015-03-16 16:35:03.658423	14	4
105	2014-08-22	9	Voluptatem qui culpa reprehenderit asperiores quia rerum. Voluptatem laboriosam ex. Voluptas quod dolorum rerum perspiciatis iste. Enim sint rerum. Omnis quo distinctio exercitationem accusantium quae.	2015-03-16 16:35:03.663454	3	1
106	2014-08-22	6	Sint ad dolore ab. Nostrum qui odio quisquam. Perferendis impedit in vel possimus voluptate eos esse. Qui sunt vitae.	2015-03-16 16:35:03.666334	7	2
107	2014-08-22	2	Quia officia rerum porro saepe. Cupiditate quia ut fugiat laudantium qui eligendi et. Recusandae sapiente ut facilis. Aliquid quidem id quis impedit omnis ad.	2015-03-16 16:35:03.667024	11	3
108	2014-08-22	4	Iusto dolor veniam quos. Ab autem non. Quia ex et laboriosam ratione at quae harum. Voluptatem impedit corrupti aut optio eligendi doloremque molestias.	2015-03-16 16:35:03.667694	15	4
109	2014-08-22	9	Non harum impedit neque perferendis aut. Ut sit architecto qui repudiandae fugiat. Est eligendi enim necessitatibus consequatur corporis repellat et.	2015-03-16 16:35:03.672811	4	1
110	2014-08-22	5	Quis deserunt mollitia nulla similique quo cupiditate beatae. Sequi repudiandae qui consequatur temporibus. Laborum incidunt repellat aut neque enim molestias. Maiores nisi consequatur consequuntur sint atque adipisci.	2015-03-16 16:35:03.675702	8	2
111	2014-08-22	3	Voluptates cum perspiciatis ullam rem natus. Harum quos iusto. Ut consequatur occaecati eius ipsa cumque. Omnis officiis dolorem cupiditate dolorem sit aspernatur. Pariatur ipsum nihil sunt dolores.	2015-03-16 16:35:03.676528	12	3
112	2014-08-22	8	Modi occaecati corporis labore deserunt. Sunt provident culpa ipsum. Laboriosam ratione molestiae vel. Deleniti qui ea. Praesentium et et velit porro omnis sed.	2015-03-16 16:35:03.677165	16	4
113	2014-07-26	10	Voluptatem aut aut architecto consequatur. Qui exercitationem tempora. A quia deleniti ut et quo cumque omnis. Corporis reprehenderit praesentium.	2015-03-16 16:35:03.681902	1	1
114	2014-07-26	7	Possimus et quia omnis sit. Doloremque fuga eius mollitia vero. Ab eaque occaecati est impedit recusandae esse odio.	2015-03-16 16:35:03.68477	5	2
115	2014-07-26	0	Est ullam aut quae blanditiis velit repudiandae odit. Autem aut voluptatibus minima consectetur. Neque distinctio error hic.	2015-03-16 16:35:03.685514	9	3
116	2014-07-26	1	Eaque iure impedit. Quaerat non expedita eos aut quam. Ipsa rerum consequuntur explicabo. Sint eaque veritatis sed delectus minima.	2015-03-16 16:35:03.686261	13	4
117	2014-07-26	10	Tenetur nam provident. Eveniet autem aliquid ea ipsum quidem. Quasi rerum dolorum placeat.	2015-03-16 16:35:03.69112	2	1
118	2014-07-26	7	Placeat voluptatem repellat quas. Rerum molestias expedita quia dolor nam assumenda vel. Quam sit est voluptatibus reiciendis iure. Et nihil id accusantium error.	2015-03-16 16:35:03.694017	6	2
119	2014-07-26	3	Voluptas rerum eum alias harum. Beatae doloremque voluptatibus voluptas. Qui dolores dolorum aut animi.	2015-03-16 16:35:03.694711	10	3
120	2014-07-26	0	Qui nihil sit sint. Voluptas unde numquam. Voluptas porro perferendis recusandae quidem. Est assumenda dolor aliquam ut.	2015-03-16 16:35:03.695374	14	4
121	2014-07-26	10	Ut voluptas numquam. At omnis quis rerum ut omnis. Minima quos eum quia et assumenda. Dolorum eveniet quia.	2015-03-16 16:35:03.699993	3	1
122	2014-07-26	5	Porro rerum cumque quos sequi deserunt nesciunt aliquid. Qui placeat nulla aut omnis exercitationem. Ratione labore culpa vel rem voluptas ea. Ullam explicabo earum.	2015-03-16 16:35:03.702965	7	2
123	2014-07-26	3	Ut accusamus cupiditate dolore rerum cum. Sunt accusamus nihil. Sit odit porro doloribus qui aliquid neque. Nobis ut voluptatem illum quam. Incidunt doloribus quia voluptate quidem fugiat et.	2015-03-16 16:35:03.703788	11	3
124	2014-07-26	2	Iusto velit ratione facilis magnam est. Optio temporibus quod qui quia. Iure ad libero sint vitae.	2015-03-16 16:35:03.704484	15	4
125	2014-07-26	8	Corrupti aut non. Inventore temporibus fugiat ea perferendis eum. Consectetur animi neque temporibus et voluptas deserunt iusto. Aspernatur harum minima et ea doloremque possimus fuga.	2015-03-16 16:35:03.70927	4	1
126	2014-07-26	7	Maiores quam dolorem itaque. Aut qui provident dolores dolor asperiores labore. Repellat et et quas officia quos nihil.	2015-03-16 16:35:03.712096	8	2
127	2014-07-26	1	Consectetur magni tenetur rerum. Voluptas aut velit doloribus temporibus excepturi sit nostrum. Repudiandae optio voluptas.	2015-03-16 16:35:03.712926	12	3
128	2014-07-26	4	Ipsum ut hic quisquam excepturi. Voluptas magni aliquid magnam alias et est. Rerum dolor laboriosam possimus id autem rerum. Dolores unde molestias.	2015-03-16 16:35:03.713817	16	4
129	2014-06-28	8	Maxime soluta quidem molestias aut et neque exercitationem. Eligendi aut rerum non voluptatem ducimus. Et autem ut voluptatem sunt quas nulla debitis. Et enim rerum rem perferendis sunt incidunt quod.	2015-03-16 16:35:03.718937	1	1
130	2014-06-28	7	Dolor illo optio maxime consequatur ut placeat sit. Velit animi qui veritatis facere. Sit ut eius corrupti dolore et accusamus.	2015-03-16 16:35:03.722068	5	2
131	2014-06-28	2	Quibusdam voluptas sint rerum delectus ab. Vel qui dolorem dolor rerum. Ea cum officiis minus.	2015-03-16 16:35:03.723007	9	3
132	2014-06-28	7	Aperiam nulla veniam. Nisi officiis reiciendis officia sapiente sunt iusto quis. Quos accusamus quae blanditiis. Facilis ipsum dolorem. Mollitia dolor similique tenetur dolorem blanditiis rerum dolore.	2015-03-16 16:35:03.723889	13	4
133	2014-06-28	9	Sunt pariatur iste assumenda rem. Deserunt minus est aut dolores nisi veniam iste. Eius doloremque qui quis nostrum debitis dignissimos harum.	2015-03-16 16:35:03.729194	2	1
134	2014-06-28	7	Qui esse architecto necessitatibus. Ipsum quasi nulla eum neque eos velit. Quos sunt expedita voluptates. Fugit excepturi qui minus tempora.	2015-03-16 16:35:03.732332	6	2
135	2014-06-28	4	Et est deleniti mollitia voluptas ab ut. Beatae iste delectus aspernatur ratione eligendi. Velit aperiam voluptates enim. Eum vel rerum est.	2015-03-16 16:35:03.733199	10	3
136	2014-06-28	0	Consequuntur officia voluptas qui deleniti laboriosam in. Eos error occaecati ea. Amet expedita quia doloremque officia voluptas cumque commodi. Sit vitae et maiores fugit nisi. Eligendi ullam rem blanditiis dolor.	2015-03-16 16:35:03.734023	14	4
137	2014-06-28	9	Eaque magni qui iusto corrupti vitae facere dignissimos. Quibusdam est qui sunt omnis ex. Eos maiores eos dolor doloremque deleniti dolorem.	2015-03-16 16:35:03.739111	3	1
138	2014-06-28	7	Autem recusandae culpa id at. Non eveniet minima quia cum et sed. Atque repellendus debitis blanditiis ullam.	2015-03-16 16:35:03.742201	7	2
139	2014-06-28	4	Beatae distinctio tempora necessitatibus nihil. Vel ut veritatis voluptatem nesciunt est. Eum possimus necessitatibus et commodi laudantium. Dolorem odit nulla.	2015-03-16 16:35:03.743062	11	3
140	2014-06-28	10	Voluptatem est aliquid. Eum atque illum iste qui quos sequi. Saepe doloribus unde necessitatibus.	2015-03-16 16:35:03.743824	15	4
141	2014-06-28	8	Blanditiis et architecto eligendi. Quia laborum eos facilis ut sed. Quis exercitationem quia esse inventore. Sint aut molestiae cupiditate. Suscipit voluptatem quibusdam.	2015-03-16 16:35:03.74897	4	1
142	2014-06-28	5	Impedit dolore libero qui illum. Eaque ducimus id sed beatae velit esse et. Consequatur quia et.	2015-03-16 16:35:03.751847	8	2
143	2014-06-28	2	Quia recusandae repellat rem sed quasi repudiandae. Ab consequatur quae totam sint. Saepe molestiae id nam omnis deleniti sapiente modi.	2015-03-16 16:35:03.752695	12	3
144	2014-06-28	3	Quod magnam neque. Cum eos odit magnam numquam maxime ipsum. Est officia veniam quia voluptatem unde iure omnis. Fugiat consequatur sunt omnis. Possimus dicta tempora minima facilis.	2015-03-16 16:35:03.753432	16	4
145	2014-05-28	10	Corporis vero aspernatur et voluptatem consectetur molestiae voluptas. Id dolorum aut nam. Ut necessitatibus quia et. Dolor ea eos aliquam harum aut quisquam praesentium.	2015-03-16 16:35:03.758212	1	1
146	2014-05-28	6	Maxime nihil beatae molestiae nihil aut nisi. Rerum voluptatem doloribus enim quia dignissimos nihil. Alias et qui aut enim delectus impedit accusamus. Possimus aliquid mollitia beatae. Iure ut nihil dicta non eum sapiente quas.	2015-03-16 16:35:03.761067	5	2
147	2014-05-28	3	Et modi repellendus velit sint labore a repellat. Incidunt voluptas sunt sed inventore ut quaerat. Sed qui facilis commodi.	2015-03-16 16:35:03.761849	9	3
148	2014-05-28	4	Qui ut atque rerum. Nam sed provident eos laudantium occaecati. Perferendis ipsam possimus sit quidem qui quas. Est et nesciunt. Qui quas atque.	2015-03-16 16:35:03.762511	13	4
149	2014-05-28	9	Nihil et vero quaerat aliquam illo. Ut nihil provident. Repudiandae molestiae similique dolores qui enim voluptate. Et architecto accusamus ut et eum maiores. Velit temporibus dignissimos et voluptatum perferendis nemo.	2015-03-16 16:35:03.767289	2	1
150	2014-05-28	5	Quo asperiores porro atque veniam aut dolorem cupiditate. Maxime tempore dolor qui eum. Quia at eum excepturi nostrum ad consequuntur mollitia.	2015-03-16 16:35:03.770232	6	2
151	2014-05-28	4	Est et ut esse enim. Sapiente commodi blanditiis numquam. Sed quisquam ut et reprehenderit. Omnis qui earum laudantium voluptates quo sit.	2015-03-16 16:35:03.77101	10	3
152	2014-05-28	4	In ea incidunt. Quibusdam impedit quo. Id in maxime voluptatum deserunt autem labore sunt. Facilis ut suscipit rerum debitis. Laboriosam nihil qui voluptatem facere quae id non.	2015-03-16 16:35:03.771667	14	4
153	2014-05-28	8	Ab facere doloremque tempore asperiores earum. Quia et dolor adipisci exercitationem unde. Ut necessitatibus voluptas mollitia est dolorem ut et. Sed eligendi aliquam harum at error.	2015-03-16 16:35:03.776551	3	1
154	2014-05-28	5	Voluptas officiis veritatis totam fuga. Quo culpa incidunt. Et repellendus omnis. Exercitationem nihil animi repudiandae impedit et. Id ab dolores.	2015-03-16 16:35:03.779366	7	2
155	2014-05-28	3	Ut non nisi sed maxime. Expedita consequatur itaque mollitia dolores culpa doloribus. Modi aliquam similique.	2015-03-16 16:35:03.780316	11	3
156	2014-05-28	8	Error autem ea quo ut illo atque. Maxime incidunt possimus reiciendis non. Dolorum magnam repudiandae sapiente. Autem cumque quia consequatur.	2015-03-16 16:35:03.78105	15	4
157	2014-05-28	8	Architecto voluptas maxime non officia quia iusto. Nobis sequi velit modi in. Velit veritatis ut sit accusantium sunt provident. Dicta ea adipisci praesentium corrupti. Necessitatibus tempore beatae.	2015-03-16 16:35:03.786244	4	1
158	2014-05-28	5	Nemo neque facilis asperiores. Omnis sed repellendus pariatur laborum occaecati fugiat veniam. Omnis quidem aliquam.	2015-03-16 16:35:03.789121	8	2
159	2014-05-28	2	Consectetur aut repellendus. Nostrum non quod quis qui. Veniam eius deleniti. Amet cumque sit earum adipisci eum modi debitis. Eos consequatur voluptas.	2015-03-16 16:35:03.789899	12	3
160	2014-05-28	0	Sit in quo totam esse. Aut reprehenderit expedita totam labore voluptas. Dolorem in occaecati nam unde. Eos unde excepturi.	2015-03-16 16:35:03.79061	16	4
161	2014-04-27	9	Eius aut et quia consectetur sit. Culpa sequi qui repellendus sit eius magni. Excepturi et qui repellendus illo.	2015-03-16 16:35:03.795338	1	1
162	2014-04-27	7	Enim est in. Quibusdam omnis eveniet et tempora sed aut et. Sint enim asperiores odit assumenda quis quo. In iste rerum non.	2015-03-16 16:35:03.798178	5	2
163	2014-04-27	3	Quam dicta voluptas et officia velit quisquam vitae. Ut aut quos. Incidunt qui dolores blanditiis.	2015-03-16 16:35:03.798878	9	3
164	2014-04-27	9	Facere sequi porro. Impedit enim deserunt. Modi aut nihil illo quibusdam quod. Fuga quas est aspernatur accusantium. Aut odit itaque.	2015-03-16 16:35:03.79955	13	4
165	2014-04-27	8	Fugiat id voluptas facilis rerum dolores. At dolorem itaque omnis eum ab repellendus. Est ut similique. Maiores aut exercitationem fugiat. Voluptatem qui soluta ipsa magni asperiores pariatur.	2015-03-16 16:35:03.804473	2	1
166	2014-04-27	6	Ab beatae dicta nihil minus qui modi mollitia. Vero corrupti nam quos omnis tenetur. Odit debitis id et incidunt et quaerat aut. Veritatis dolorem error perspiciatis velit neque.	2015-03-16 16:35:03.807474	6	2
167	2014-04-27	2	Architecto non voluptatem cumque nemo in facilis doloribus. Quisquam sunt ut libero ut. Neque inventore ut incidunt optio. Eius qui facere magnam distinctio.	2015-03-16 16:35:03.808257	10	3
168	2014-04-27	4	Fuga consequatur maiores ea voluptatem provident voluptatum. Veritatis fugit temporibus aspernatur culpa enim. Aperiam doloremque qui odit quasi. At expedita temporibus enim. Tempora voluptatem autem animi.	2015-03-16 16:35:03.809	14	4
169	2014-04-27	8	Quo ut voluptatum magni accusantium aut. Maiores aspernatur et. Qui aut esse alias eos vel pariatur aspernatur.	2015-03-16 16:35:03.813906	3	1
170	2014-04-27	7	Saepe rerum quos quas inventore in. Fugit eligendi voluptatum. Sit sed facilis beatae laudantium ratione rerum et. Tempora dolorum illo nesciunt unde voluptatem. In minima aliquid facilis numquam et.	2015-03-16 16:35:03.81667	7	2
171	2014-04-27	1	Laboriosam omnis nisi aut dolorem quas doloremque. Natus cum voluptate saepe aut. Voluptatem iste laborum. Est iste alias itaque quis omnis dolorum asperiores.	2015-03-16 16:35:03.817492	11	3
172	2014-04-27	7	Et vero eos. Quod nihil hic aliquam. Qui porro vitae officiis neque minima. Quasi sed voluptatibus qui sunt neque asperiores.	2015-03-16 16:35:03.818192	15	4
173	2014-04-27	10	At culpa aliquid modi repellat id soluta veniam. Tenetur unde nam officiis iste. Vel aspernatur cumque est ab fugit quos.	2015-03-16 16:35:03.823155	4	1
174	2014-04-27	7	Qui libero qui sit at velit corporis. Et hic suscipit ab tenetur id. Enim dolor rerum rerum illo minus.	2015-03-16 16:35:03.826093	8	2
175	2014-04-27	0	Dolores in tempore tenetur. Velit voluptatem repellendus quod. Quia ut mollitia et laborum sit est ipsum.	2015-03-16 16:35:03.826889	12	3
176	2014-04-27	0	Aut eos enim et fugiat repudiandae est similique. Dolorum ullam quisquam eos aperiam earum quae. Omnis veritatis quidem ut nihil. Laudantium similique eaque quos.	2015-03-16 16:35:03.827668	16	4
\.


--
-- Name: reviews_id_seq; Type: SEQUENCE SET; Schema: public; Owner: David
--

SELECT pg_catalog.setval('reviews_id_seq', 176, true);


--
-- Data for Name: users; Type: TABLE DATA; Schema: public; Owner: David
--

COPY users (id, username, password, admin_status) FROM stdin;
1	test	ypeBEsobvcr6wjGzmiPcTaeG7/gUfE5yuYB3ha/uSLs=\n	t
2	davidrf	ypeBEsobvcr6wjGzmiPcTaeG7/gUfE5yuYB3ha/uSLs=\n	f
3	josh	ypeBEsobvcr6wjGzmiPcTaeG7/gUfE5yuYB3ha/uSLs=\n	f
\.


--
-- Data for Name: user_homes; Type: TABLE DATA; Schema: public; Owner: David
--

COPY user_homes (id, user_id, home_id) FROM stdin;
1	1	1
2	1	2
3	1	3
4	1	4
5	2	1
6	2	2
7	2	3
8	2	4
10	3	2
11	3	3
12	3	4
14	3	1
\.


--
-- Name: user_homes_id_seq; Type: SEQUENCE SET; Schema: public; Owner: David
--

SELECT pg_catalog.setval('user_homes_id_seq', 14, true);


--
-- Name: users_id_seq; Type: SEQUENCE SET; Schema: public; Owner: David
--

SELECT pg_catalog.setval('users_id_seq', 3, true);


--
-- PostgreSQL database dump complete
--

