--
-- PostgreSQL database dump
--

SET statement_timeout = 0;
SET lock_timeout = 0;
SET client_encoding = 'UTF8';
SET standard_conforming_strings = on;
SET check_function_bodies = false;
SET client_min_messages = warning;

SET search_path = public, pg_catalog;

--
-- Data for Name: homes; Type: TABLE DATA; Schema: public; Owner: David
--

COPY homes (id, name) FROM stdin;
1	Good Home
2	Average Home
3	Bad Home
4	Chaotic Home
5	Test
\.


--
-- Name: homes_id_seq; Type: SEQUENCE SET; Schema: public; Owner: David
--

SELECT pg_catalog.setval('homes_id_seq', 5, true);


--
-- Data for Name: questions; Type: TABLE DATA; Schema: public; Owner: David
--

COPY questions (id, person, question) FROM stdin;
1	youth	On a scale of 0-10, where 0 is not likely and 10 is extremely likely how likely are you to recommend your foster home to a friend in the foster care system?
2	parent	On a scale of 0-10, where 0 is not likely and 10 is extremely likely, how likely are you to recommend this foster home to another foster parent?
3	worker	On a scale of 0-10, where 0 is not likely and 10 is extremely likely, how likely are you to recommend this foster home?
\.


--
-- Name: questions_id_seq; Type: SEQUENCE SET; Schema: public; Owner: David
--

SELECT pg_catalog.setval('questions_id_seq', 3, true);


--
-- Data for Name: reviewers; Type: TABLE DATA; Schema: public; Owner: David
--

COPY reviewers (id, name) FROM stdin;
1	Youth 1
2	Youth 2
3	Parent
4	Worker
5	David
6	Daniel
\.


--
-- Name: reviewers_id_seq; Type: SEQUENCE SET; Schema: public; Owner: David
--

SELECT pg_catalog.setval('reviewers_id_seq', 6, true);


--
-- Data for Name: reviews; Type: TABLE DATA; Schema: public; Owner: David
--

COPY reviews (id, review_date, rating, review, ts, reviewer_id, home_id) FROM stdin;
1	2015-02-11	9	Similique esse in nihil sit ut aut sit. Sint fugit iusto voluptas excepturi. Molestiae dignissimos ipsa magni. Nesciunt est ad consequatur.	2015-03-12 07:12:04.034268	1	1
2	2015-02-11	7	Similique esse in nihil sit ut aut sit. Sint fugit iusto voluptas excepturi. Molestiae dignissimos ipsa magni. Nesciunt est ad consequatur.	2015-03-12 07:12:04.04949	1	2
3	2015-02-11	2	Similique esse in nihil sit ut aut sit. Sint fugit iusto voluptas excepturi. Molestiae dignissimos ipsa magni. Nesciunt est ad consequatur.	2015-03-12 07:12:04.050226	1	3
4	2015-02-11	7	Similique esse in nihil sit ut aut sit. Sint fugit iusto voluptas excepturi. Molestiae dignissimos ipsa magni. Nesciunt est ad consequatur.	2015-03-12 07:12:04.050875	1	4
5	2015-02-11	8	In vel laborum quod id sit. Iusto consequatur laborum odit nihil. Maxime qui voluptate perferendis ipsum repudiandae. Unde ut quia a mollitia. Sit atque eum consequuntur unde est velit.	2015-03-12 07:12:04.055353	2	1
6	2015-02-11	6	In vel laborum quod id sit. Iusto consequatur laborum odit nihil. Maxime qui voluptate perferendis ipsum repudiandae. Unde ut quia a mollitia. Sit atque eum consequuntur unde est velit.	2015-03-12 07:12:04.058187	2	2
7	2015-02-11	0	In vel laborum quod id sit. Iusto consequatur laborum odit nihil. Maxime qui voluptate perferendis ipsum repudiandae. Unde ut quia a mollitia. Sit atque eum consequuntur unde est velit.	2015-03-12 07:12:04.058884	2	3
8	2015-02-11	1	In vel laborum quod id sit. Iusto consequatur laborum odit nihil. Maxime qui voluptate perferendis ipsum repudiandae. Unde ut quia a mollitia. Sit atque eum consequuntur unde est velit.	2015-03-12 07:12:04.059719	2	4
9	2015-02-11	9	Deserunt a dicta itaque sed sit. Sit et architecto iste nostrum ea unde aut. Animi aut voluptatibus quo qui odit rem quia.	2015-03-12 07:12:04.064217	3	1
10	2015-02-11	6	Deserunt a dicta itaque sed sit. Sit et architecto iste nostrum ea unde aut. Animi aut voluptatibus quo qui odit rem quia.	2015-03-12 07:12:04.067127	3	2
11	2015-02-11	4	Deserunt a dicta itaque sed sit. Sit et architecto iste nostrum ea unde aut. Animi aut voluptatibus quo qui odit rem quia.	2015-03-12 07:12:04.067797	3	3
12	2015-02-11	8	Deserunt a dicta itaque sed sit. Sit et architecto iste nostrum ea unde aut. Animi aut voluptatibus quo qui odit rem quia.	2015-03-12 07:12:04.068588	3	4
13	2015-02-11	9	Cumque et est ea. Et similique qui tenetur ut. Eos odio excepturi blanditiis quia harum et. Labore et rem ut aut similique. Exercitationem eveniet doloribus optio at qui.	2015-03-12 07:12:04.073507	4	1
14	2015-02-11	6	Cumque et est ea. Et similique qui tenetur ut. Eos odio excepturi blanditiis quia harum et. Labore et rem ut aut similique. Exercitationem eveniet doloribus optio at qui.	2015-03-12 07:12:04.076843	4	2
15	2015-02-11	1	Cumque et est ea. Et similique qui tenetur ut. Eos odio excepturi blanditiis quia harum et. Labore et rem ut aut similique. Exercitationem eveniet doloribus optio at qui.	2015-03-12 07:12:04.07765	4	3
16	2015-02-11	1	Cumque et est ea. Et similique qui tenetur ut. Eos odio excepturi blanditiis quia harum et. Labore et rem ut aut similique. Exercitationem eveniet doloribus optio at qui.	2015-03-12 07:12:04.078344	4	4
17	2015-01-11	10	Non voluptatem eum veniam culpa. Laboriosam asperiores eius saepe quasi repellat. Reiciendis itaque voluptatibus.	2015-03-12 07:12:04.083062	1	1
18	2015-01-11	7	Non voluptatem eum veniam culpa. Laboriosam asperiores eius saepe quasi repellat. Reiciendis itaque voluptatibus.	2015-03-12 07:12:04.085892	1	2
19	2015-01-11	2	Non voluptatem eum veniam culpa. Laboriosam asperiores eius saepe quasi repellat. Reiciendis itaque voluptatibus.	2015-03-12 07:12:04.086788	1	3
20	2015-01-11	2	Non voluptatem eum veniam culpa. Laboriosam asperiores eius saepe quasi repellat. Reiciendis itaque voluptatibus.	2015-03-12 07:12:04.087688	1	4
21	2015-01-11	9	Occaecati aut iusto neque officia hic in. Ipsa tempore voluptatem qui voluptatibus. Quia quas optio illum quasi voluptas dolor. Aut sapiente ut necessitatibus quas sed quia. Eveniet iure eos.	2015-03-12 07:12:04.092507	2	1
22	2015-01-11	6	Occaecati aut iusto neque officia hic in. Ipsa tempore voluptatem qui voluptatibus. Quia quas optio illum quasi voluptas dolor. Aut sapiente ut necessitatibus quas sed quia. Eveniet iure eos.	2015-03-12 07:12:04.095445	2	2
23	2015-01-11	3	Occaecati aut iusto neque officia hic in. Ipsa tempore voluptatem qui voluptatibus. Quia quas optio illum quasi voluptas dolor. Aut sapiente ut necessitatibus quas sed quia. Eveniet iure eos.	2015-03-12 07:12:04.096236	2	3
24	2015-01-11	10	Occaecati aut iusto neque officia hic in. Ipsa tempore voluptatem qui voluptatibus. Quia quas optio illum quasi voluptas dolor. Aut sapiente ut necessitatibus quas sed quia. Eveniet iure eos.	2015-03-12 07:12:04.097041	2	4
25	2015-01-11	9	Dolorem consequatur dolorum dolor quos corrupti. Autem deserunt accusamus ut ut asperiores et. Tenetur modi quis sapiente.	2015-03-12 07:12:04.102075	3	1
26	2015-01-11	5	Dolorem consequatur dolorum dolor quos corrupti. Autem deserunt accusamus ut ut asperiores et. Tenetur modi quis sapiente.	2015-03-12 07:12:04.105169	3	2
27	2015-01-11	1	Dolorem consequatur dolorum dolor quos corrupti. Autem deserunt accusamus ut ut asperiores et. Tenetur modi quis sapiente.	2015-03-12 07:12:04.105905	3	3
28	2015-01-11	4	Dolorem consequatur dolorum dolor quos corrupti. Autem deserunt accusamus ut ut asperiores et. Tenetur modi quis sapiente.	2015-03-12 07:12:04.106555	3	4
29	2015-01-11	8	Et assumenda quas harum quod voluptate sed. Est consequatur dolorem aut. Nobis earum sit. Doloremque qui molestias ducimus a.	2015-03-12 07:12:04.110939	4	1
30	2015-01-11	5	Et assumenda quas harum quod voluptate sed. Est consequatur dolorem aut. Nobis earum sit. Doloremque qui molestias ducimus a.	2015-03-12 07:12:04.113835	4	2
31	2015-01-11	3	Et assumenda quas harum quod voluptate sed. Est consequatur dolorem aut. Nobis earum sit. Doloremque qui molestias ducimus a.	2015-03-12 07:12:04.114643	4	3
32	2015-01-11	5	Et assumenda quas harum quod voluptate sed. Est consequatur dolorem aut. Nobis earum sit. Doloremque qui molestias ducimus a.	2015-03-12 07:12:04.115325	4	4
33	2014-12-13	10	Deserunt recusandae eum ea in eius nesciunt sapiente. Et qui est in. Eos magni veniam occaecati molestias.	2015-03-12 07:12:04.119984	1	1
34	2014-12-13	7	Deserunt recusandae eum ea in eius nesciunt sapiente. Et qui est in. Eos magni veniam occaecati molestias.	2015-03-12 07:12:04.123037	1	2
35	2014-12-13	4	Deserunt recusandae eum ea in eius nesciunt sapiente. Et qui est in. Eos magni veniam occaecati molestias.	2015-03-12 07:12:04.124029	1	3
36	2014-12-13	4	Deserunt recusandae eum ea in eius nesciunt sapiente. Et qui est in. Eos magni veniam occaecati molestias.	2015-03-12 07:12:04.124856	1	4
37	2014-12-13	9	Eos aut sed qui rerum dolores. Illum aut non corporis consequatur maxime explicabo. Natus deserunt voluptas rerum. Consequatur aut blanditiis quia quos laboriosam.	2015-03-12 07:12:04.129764	2	1
38	2014-12-13	6	Eos aut sed qui rerum dolores. Illum aut non corporis consequatur maxime explicabo. Natus deserunt voluptas rerum. Consequatur aut blanditiis quia quos laboriosam.	2015-03-12 07:12:04.133186	2	2
39	2014-12-13	3	Eos aut sed qui rerum dolores. Illum aut non corporis consequatur maxime explicabo. Natus deserunt voluptas rerum. Consequatur aut blanditiis quia quos laboriosam.	2015-03-12 07:12:04.133995	2	3
40	2014-12-13	8	Eos aut sed qui rerum dolores. Illum aut non corporis consequatur maxime explicabo. Natus deserunt voluptas rerum. Consequatur aut blanditiis quia quos laboriosam.	2015-03-12 07:12:04.134687	2	4
41	2014-12-13	8	Aspernatur optio at ut eum laboriosam tempora quo. Rerum labore aspernatur asperiores et. Eum beatae et iure sunt. Odit enim magnam qui consequatur consectetur ipsa nemo. Sint doloribus suscipit minus reprehenderit hic.	2015-03-12 07:12:04.139612	3	1
42	2014-12-13	7	Aspernatur optio at ut eum laboriosam tempora quo. Rerum labore aspernatur asperiores et. Eum beatae et iure sunt. Odit enim magnam qui consequatur consectetur ipsa nemo. Sint doloribus suscipit minus reprehenderit hic.	2015-03-12 07:12:04.142482	3	2
43	2014-12-13	1	Aspernatur optio at ut eum laboriosam tempora quo. Rerum labore aspernatur asperiores et. Eum beatae et iure sunt. Odit enim magnam qui consequatur consectetur ipsa nemo. Sint doloribus suscipit minus reprehenderit hic.	2015-03-12 07:12:04.143306	3	3
44	2014-12-13	1	Aspernatur optio at ut eum laboriosam tempora quo. Rerum labore aspernatur asperiores et. Eum beatae et iure sunt. Odit enim magnam qui consequatur consectetur ipsa nemo. Sint doloribus suscipit minus reprehenderit hic.	2015-03-12 07:12:04.144045	3	4
45	2014-12-13	9	Corporis amet eaque. Et occaecati eius commodi modi ipsum. Sed nihil modi laudantium rerum quo corrupti quia. Eveniet doloribus cum ut provident omnis excepturi qui. Repellat rerum qui nisi.	2015-03-12 07:12:04.148746	4	1
46	2014-12-13	7	Corporis amet eaque. Et occaecati eius commodi modi ipsum. Sed nihil modi laudantium rerum quo corrupti quia. Eveniet doloribus cum ut provident omnis excepturi qui. Repellat rerum qui nisi.	2015-03-12 07:12:04.151597	4	2
47	2014-12-13	1	Corporis amet eaque. Et occaecati eius commodi modi ipsum. Sed nihil modi laudantium rerum quo corrupti quia. Eveniet doloribus cum ut provident omnis excepturi qui. Repellat rerum qui nisi.	2015-03-12 07:12:04.152423	4	3
48	2014-12-13	10	Corporis amet eaque. Et occaecati eius commodi modi ipsum. Sed nihil modi laudantium rerum quo corrupti quia. Eveniet doloribus cum ut provident omnis excepturi qui. Repellat rerum qui nisi.	2015-03-12 07:12:04.153187	4	4
49	2014-11-15	10	Incidunt et voluptatem. Cum quo fugit impedit minus. Est occaecati laudantium quibusdam exercitationem. Quis nostrum laudantium sit ut.	2015-03-12 07:12:04.158044	1	1
50	2014-11-15	7	Incidunt et voluptatem. Cum quo fugit impedit minus. Est occaecati laudantium quibusdam exercitationem. Quis nostrum laudantium sit ut.	2015-03-12 07:12:04.160944	1	2
51	2014-11-15	1	Incidunt et voluptatem. Cum quo fugit impedit minus. Est occaecati laudantium quibusdam exercitationem. Quis nostrum laudantium sit ut.	2015-03-12 07:12:04.161746	1	3
52	2014-11-15	9	Incidunt et voluptatem. Cum quo fugit impedit minus. Est occaecati laudantium quibusdam exercitationem. Quis nostrum laudantium sit ut.	2015-03-12 07:12:04.162447	1	4
53	2014-11-15	8	Quo qui aut ut ut voluptatem ut. Illo velit aut harum totam ex suscipit quaerat. Possimus molestiae sint. Quis similique quisquam est harum vel velit neque. Qui sapiente libero ut magni quos quo.	2015-03-12 07:12:04.167051	2	1
54	2014-11-15	5	Quo qui aut ut ut voluptatem ut. Illo velit aut harum totam ex suscipit quaerat. Possimus molestiae sint. Quis similique quisquam est harum vel velit neque. Qui sapiente libero ut magni quos quo.	2015-03-12 07:12:04.169953	2	2
55	2014-11-15	2	Quo qui aut ut ut voluptatem ut. Illo velit aut harum totam ex suscipit quaerat. Possimus molestiae sint. Quis similique quisquam est harum vel velit neque. Qui sapiente libero ut magni quos quo.	2015-03-12 07:12:04.17069	2	3
56	2014-11-15	6	Quo qui aut ut ut voluptatem ut. Illo velit aut harum totam ex suscipit quaerat. Possimus molestiae sint. Quis similique quisquam est harum vel velit neque. Qui sapiente libero ut magni quos quo.	2015-03-12 07:12:04.171304	2	4
57	2014-11-15	8	Quo consequatur sint pariatur est aliquam debitis. Possimus quis modi sit sed aut doloremque. Maiores nulla dolorum. Provident minus quam et odit earum eveniet.	2015-03-12 07:12:04.175755	3	1
58	2014-11-15	6	Quo consequatur sint pariatur est aliquam debitis. Possimus quis modi sit sed aut doloremque. Maiores nulla dolorum. Provident minus quam et odit earum eveniet.	2015-03-12 07:12:04.178555	3	2
59	2014-11-15	2	Quo consequatur sint pariatur est aliquam debitis. Possimus quis modi sit sed aut doloremque. Maiores nulla dolorum. Provident minus quam et odit earum eveniet.	2015-03-12 07:12:04.179437	3	3
60	2014-11-15	9	Quo consequatur sint pariatur est aliquam debitis. Possimus quis modi sit sed aut doloremque. Maiores nulla dolorum. Provident minus quam et odit earum eveniet.	2015-03-12 07:12:04.180262	3	4
61	2014-11-15	8	Id non doloremque aut. Ratione nostrum quia animi. Et magnam fuga in esse animi exercitationem. Odit ut optio vitae cumque. Est aut dicta.	2015-03-12 07:12:04.184684	4	1
62	2014-11-15	7	Id non doloremque aut. Ratione nostrum quia animi. Et magnam fuga in esse animi exercitationem. Odit ut optio vitae cumque. Est aut dicta.	2015-03-12 07:12:04.187502	4	2
63	2014-11-15	2	Id non doloremque aut. Ratione nostrum quia animi. Et magnam fuga in esse animi exercitationem. Odit ut optio vitae cumque. Est aut dicta.	2015-03-12 07:12:04.188326	4	3
64	2014-11-15	5	Id non doloremque aut. Ratione nostrum quia animi. Et magnam fuga in esse animi exercitationem. Odit ut optio vitae cumque. Est aut dicta.	2015-03-12 07:12:04.189095	4	4
65	2014-10-15	10	Dignissimos sunt eos quam facilis. Accusantium laudantium et similique. Et sunt debitis nulla quia alias non. Voluptatum dolorem sapiente sunt velit alias est.	2015-03-12 07:12:04.194149	1	1
66	2014-10-15	6	Dignissimos sunt eos quam facilis. Accusantium laudantium et similique. Et sunt debitis nulla quia alias non. Voluptatum dolorem sapiente sunt velit alias est.	2015-03-12 07:12:04.196988	1	2
67	2014-10-15	4	Dignissimos sunt eos quam facilis. Accusantium laudantium et similique. Et sunt debitis nulla quia alias non. Voluptatum dolorem sapiente sunt velit alias est.	2015-03-12 07:12:04.19776	1	3
68	2014-10-15	1	Dignissimos sunt eos quam facilis. Accusantium laudantium et similique. Et sunt debitis nulla quia alias non. Voluptatum dolorem sapiente sunt velit alias est.	2015-03-12 07:12:04.198564	1	4
69	2014-10-15	10	Voluptatum sed vero aut doloribus. Sit explicabo expedita porro aut est laudantium. Blanditiis mollitia doloremque.	2015-03-12 07:12:04.203007	2	1
70	2014-10-15	5	Voluptatum sed vero aut doloribus. Sit explicabo expedita porro aut est laudantium. Blanditiis mollitia doloremque.	2015-03-12 07:12:04.205868	2	2
71	2014-10-15	4	Voluptatum sed vero aut doloribus. Sit explicabo expedita porro aut est laudantium. Blanditiis mollitia doloremque.	2015-03-12 07:12:04.206642	2	3
72	2014-10-15	3	Voluptatum sed vero aut doloribus. Sit explicabo expedita porro aut est laudantium. Blanditiis mollitia doloremque.	2015-03-12 07:12:04.207391	2	4
73	2014-10-15	10	Odit perferendis in aliquid ratione dolorem voluptatem consequatur. Eos et cumque. Alias et et enim sed maiores sequi dignissimos. Repellendus et soluta dolor aliquid natus consequatur saepe. Est ad fugiat facere nesciunt autem.	2015-03-12 07:12:04.211931	3	1
74	2014-10-15	6	Odit perferendis in aliquid ratione dolorem voluptatem consequatur. Eos et cumque. Alias et et enim sed maiores sequi dignissimos. Repellendus et soluta dolor aliquid natus consequatur saepe. Est ad fugiat facere nesciunt autem.	2015-03-12 07:12:04.214825	3	2
75	2014-10-15	4	Odit perferendis in aliquid ratione dolorem voluptatem consequatur. Eos et cumque. Alias et et enim sed maiores sequi dignissimos. Repellendus et soluta dolor aliquid natus consequatur saepe. Est ad fugiat facere nesciunt autem.	2015-03-12 07:12:04.215643	3	3
76	2014-10-15	4	Odit perferendis in aliquid ratione dolorem voluptatem consequatur. Eos et cumque. Alias et et enim sed maiores sequi dignissimos. Repellendus et soluta dolor aliquid natus consequatur saepe. Est ad fugiat facere nesciunt autem.	2015-03-12 07:12:04.216547	3	4
77	2014-10-15	9	Molestiae vel labore amet. Sit ad veritatis incidunt tenetur fugiat voluptate. Doloribus corrupti sint eveniet perspiciatis sapiente harum molestiae. Accusamus ut voluptate et assumenda illum labore et. Numquam neque adipisci debitis temporibus.	2015-03-12 07:12:04.221206	4	1
78	2014-10-15	5	Molestiae vel labore amet. Sit ad veritatis incidunt tenetur fugiat voluptate. Doloribus corrupti sint eveniet perspiciatis sapiente harum molestiae. Accusamus ut voluptate et assumenda illum labore et. Numquam neque adipisci debitis temporibus.	2015-03-12 07:12:04.224114	4	2
79	2014-10-15	2	Molestiae vel labore amet. Sit ad veritatis incidunt tenetur fugiat voluptate. Doloribus corrupti sint eveniet perspiciatis sapiente harum molestiae. Accusamus ut voluptate et assumenda illum labore et. Numquam neque adipisci debitis temporibus.	2015-03-12 07:12:04.224893	4	3
80	2014-10-15	9	Molestiae vel labore amet. Sit ad veritatis incidunt tenetur fugiat voluptate. Doloribus corrupti sint eveniet perspiciatis sapiente harum molestiae. Accusamus ut voluptate et assumenda illum labore et. Numquam neque adipisci debitis temporibus.	2015-03-12 07:12:04.225626	4	4
81	2014-09-17	9	Ut alias magni nulla laboriosam in et. Nesciunt ea autem. Eligendi fugiat ipsum molestiae. Omnis et id. Recusandae qui est molestias.	2015-03-12 07:12:04.230297	1	1
82	2014-09-17	5	Ut alias magni nulla laboriosam in et. Nesciunt ea autem. Eligendi fugiat ipsum molestiae. Omnis et id. Recusandae qui est molestias.	2015-03-12 07:12:04.233226	1	2
83	2014-09-17	3	Ut alias magni nulla laboriosam in et. Nesciunt ea autem. Eligendi fugiat ipsum molestiae. Omnis et id. Recusandae qui est molestias.	2015-03-12 07:12:04.234037	1	3
84	2014-09-17	5	Ut alias magni nulla laboriosam in et. Nesciunt ea autem. Eligendi fugiat ipsum molestiae. Omnis et id. Recusandae qui est molestias.	2015-03-12 07:12:04.234727	1	4
85	2014-09-17	10	Ipsa nesciunt qui et nisi placeat est. Earum et impedit minus. Aliquam sit rerum sint sed et est mollitia. Debitis inventore iusto blanditiis. Consequuntur dolores assumenda commodi officiis hic nisi non.	2015-03-12 07:12:04.239695	2	1
86	2014-09-17	5	Ipsa nesciunt qui et nisi placeat est. Earum et impedit minus. Aliquam sit rerum sint sed et est mollitia. Debitis inventore iusto blanditiis. Consequuntur dolores assumenda commodi officiis hic nisi non.	2015-03-12 07:12:04.24281	2	2
87	2014-09-17	1	Ipsa nesciunt qui et nisi placeat est. Earum et impedit minus. Aliquam sit rerum sint sed et est mollitia. Debitis inventore iusto blanditiis. Consequuntur dolores assumenda commodi officiis hic nisi non.	2015-03-12 07:12:04.243535	2	3
88	2014-09-17	10	Ipsa nesciunt qui et nisi placeat est. Earum et impedit minus. Aliquam sit rerum sint sed et est mollitia. Debitis inventore iusto blanditiis. Consequuntur dolores assumenda commodi officiis hic nisi non.	2015-03-12 07:12:04.244328	2	4
89	2014-09-17	9	Beatae eius totam dolores est est quas. Et tempore cupiditate. Est et consequuntur voluptas. Sint officiis sed non. Illo ut quis quidem cupiditate pariatur.	2015-03-12 07:12:04.24903	3	1
90	2014-09-17	7	Beatae eius totam dolores est est quas. Et tempore cupiditate. Est et consequuntur voluptas. Sint officiis sed non. Illo ut quis quidem cupiditate pariatur.	2015-03-12 07:12:04.251966	3	2
91	2014-09-17	0	Beatae eius totam dolores est est quas. Et tempore cupiditate. Est et consequuntur voluptas. Sint officiis sed non. Illo ut quis quidem cupiditate pariatur.	2015-03-12 07:12:04.252789	3	3
92	2014-09-17	8	Beatae eius totam dolores est est quas. Et tempore cupiditate. Est et consequuntur voluptas. Sint officiis sed non. Illo ut quis quidem cupiditate pariatur.	2015-03-12 07:12:04.253581	3	4
93	2014-09-17	10	Quisquam inventore rem est deleniti consequatur dolorum. Rem aut voluptas nesciunt accusantium reprehenderit. Id aliquam rerum facilis et nesciunt in vel. Accusantium quis molestiae aut ab. Distinctio alias earum.	2015-03-12 07:12:04.25806	4	1
94	2014-09-17	6	Quisquam inventore rem est deleniti consequatur dolorum. Rem aut voluptas nesciunt accusantium reprehenderit. Id aliquam rerum facilis et nesciunt in vel. Accusantium quis molestiae aut ab. Distinctio alias earum.	2015-03-12 07:12:04.260901	4	2
95	2014-09-17	0	Quisquam inventore rem est deleniti consequatur dolorum. Rem aut voluptas nesciunt accusantium reprehenderit. Id aliquam rerum facilis et nesciunt in vel. Accusantium quis molestiae aut ab. Distinctio alias earum.	2015-03-12 07:12:04.261604	4	3
96	2014-09-17	0	Quisquam inventore rem est deleniti consequatur dolorum. Rem aut voluptas nesciunt accusantium reprehenderit. Id aliquam rerum facilis et nesciunt in vel. Accusantium quis molestiae aut ab. Distinctio alias earum.	2015-03-12 07:12:04.26227	4	4
97	2014-08-18	10	Quae ex omnis necessitatibus sunt adipisci sint. Officia quidem veniam quae. Sit expedita iste et est quia repudiandae aspernatur. Nisi officiis qui ad exercitationem voluptatem veniam.	2015-03-12 07:12:04.26694	1	1
98	2014-08-18	5	Quae ex omnis necessitatibus sunt adipisci sint. Officia quidem veniam quae. Sit expedita iste et est quia repudiandae aspernatur. Nisi officiis qui ad exercitationem voluptatem veniam.	2015-03-12 07:12:04.270094	1	2
99	2014-08-18	0	Quae ex omnis necessitatibus sunt adipisci sint. Officia quidem veniam quae. Sit expedita iste et est quia repudiandae aspernatur. Nisi officiis qui ad exercitationem voluptatem veniam.	2015-03-12 07:12:04.270842	1	3
100	2014-08-18	9	Quae ex omnis necessitatibus sunt adipisci sint. Officia quidem veniam quae. Sit expedita iste et est quia repudiandae aspernatur. Nisi officiis qui ad exercitationem voluptatem veniam.	2015-03-12 07:12:04.271548	1	4
101	2014-08-18	8	Aut vel molestiae optio enim neque aliquam facilis. Nihil reiciendis exercitationem. Repudiandae porro laboriosam et et.	2015-03-12 07:12:04.276237	2	1
102	2014-08-18	5	Aut vel molestiae optio enim neque aliquam facilis. Nihil reiciendis exercitationem. Repudiandae porro laboriosam et et.	2015-03-12 07:12:04.279125	2	2
103	2014-08-18	1	Aut vel molestiae optio enim neque aliquam facilis. Nihil reiciendis exercitationem. Repudiandae porro laboriosam et et.	2015-03-12 07:12:04.279951	2	3
104	2014-08-18	5	Aut vel molestiae optio enim neque aliquam facilis. Nihil reiciendis exercitationem. Repudiandae porro laboriosam et et.	2015-03-12 07:12:04.280761	2	4
105	2014-08-18	8	Optio quia magni eius voluptas blanditiis. Consequatur est omnis quam quo magni. Est neque consequatur laborum in dolore corrupti nesciunt. Nam autem facilis aut in minus.	2015-03-12 07:12:04.285729	3	1
106	2014-08-18	6	Optio quia magni eius voluptas blanditiis. Consequatur est omnis quam quo magni. Est neque consequatur laborum in dolore corrupti nesciunt. Nam autem facilis aut in minus.	2015-03-12 07:12:04.28882	3	2
107	2014-08-18	0	Optio quia magni eius voluptas blanditiis. Consequatur est omnis quam quo magni. Est neque consequatur laborum in dolore corrupti nesciunt. Nam autem facilis aut in minus.	2015-03-12 07:12:04.289654	3	3
108	2014-08-18	1	Optio quia magni eius voluptas blanditiis. Consequatur est omnis quam quo magni. Est neque consequatur laborum in dolore corrupti nesciunt. Nam autem facilis aut in minus.	2015-03-12 07:12:04.290326	3	4
109	2014-08-18	9	Fugiat omnis molestiae est explicabo officia. Iusto sit corrupti cumque quas. A quia quaerat nostrum eos voluptas.	2015-03-12 07:12:04.294822	4	1
110	2014-08-18	6	Fugiat omnis molestiae est explicabo officia. Iusto sit corrupti cumque quas. A quia quaerat nostrum eos voluptas.	2015-03-12 07:12:04.297819	4	2
111	2014-08-18	4	Fugiat omnis molestiae est explicabo officia. Iusto sit corrupti cumque quas. A quia quaerat nostrum eos voluptas.	2015-03-12 07:12:04.298675	4	3
112	2014-08-18	8	Fugiat omnis molestiae est explicabo officia. Iusto sit corrupti cumque quas. A quia quaerat nostrum eos voluptas.	2015-03-12 07:12:04.29934	4	4
113	2014-07-20	9	Omnis exercitationem iure beatae. Amet non exercitationem et. Libero et perferendis sed. Ut omnis debitis deleniti.	2015-03-12 07:12:04.304262	1	1
114	2014-07-20	6	Omnis exercitationem iure beatae. Amet non exercitationem et. Libero et perferendis sed. Ut omnis debitis deleniti.	2015-03-12 07:12:04.307441	1	2
115	2014-07-20	4	Omnis exercitationem iure beatae. Amet non exercitationem et. Libero et perferendis sed. Ut omnis debitis deleniti.	2015-03-12 07:12:04.308228	1	3
116	2014-07-20	2	Omnis exercitationem iure beatae. Amet non exercitationem et. Libero et perferendis sed. Ut omnis debitis deleniti.	2015-03-12 07:12:04.308955	1	4
117	2014-07-20	8	Et cumque accusantium et est dolorem praesentium adipisci. Cumque voluptatem repellendus. Non neque et tempore quia quo qui officia. Et asperiores sit dolor ut omnis modi officiis. Voluptas et quae.	2015-03-12 07:12:04.313355	2	1
118	2014-07-20	5	Et cumque accusantium et est dolorem praesentium adipisci. Cumque voluptatem repellendus. Non neque et tempore quia quo qui officia. Et asperiores sit dolor ut omnis modi officiis. Voluptas et quae.	2015-03-12 07:12:04.316276	2	2
119	2014-07-20	0	Et cumque accusantium et est dolorem praesentium adipisci. Cumque voluptatem repellendus. Non neque et tempore quia quo qui officia. Et asperiores sit dolor ut omnis modi officiis. Voluptas et quae.	2015-03-12 07:12:04.31717	2	3
120	2014-07-20	1	Et cumque accusantium et est dolorem praesentium adipisci. Cumque voluptatem repellendus. Non neque et tempore quia quo qui officia. Et asperiores sit dolor ut omnis modi officiis. Voluptas et quae.	2015-03-12 07:12:04.317981	2	4
121	2014-07-20	8	Quia exercitationem commodi doloribus consequatur rerum magnam qui. Magni eveniet vero enim. In est architecto aliquam. Recusandae molestias similique harum corrupti quis.	2015-03-12 07:12:04.322902	3	1
122	2014-07-20	5	Quia exercitationem commodi doloribus consequatur rerum magnam qui. Magni eveniet vero enim. In est architecto aliquam. Recusandae molestias similique harum corrupti quis.	2015-03-12 07:12:04.325916	3	2
123	2014-07-20	0	Quia exercitationem commodi doloribus consequatur rerum magnam qui. Magni eveniet vero enim. In est architecto aliquam. Recusandae molestias similique harum corrupti quis.	2015-03-12 07:12:04.326609	3	3
124	2014-07-20	3	Quia exercitationem commodi doloribus consequatur rerum magnam qui. Magni eveniet vero enim. In est architecto aliquam. Recusandae molestias similique harum corrupti quis.	2015-03-12 07:12:04.327254	3	4
125	2014-07-20	9	Culpa ab corrupti quo beatae. Rerum quia sed facere incidunt. Sunt repudiandae alias incidunt ab natus. Veniam laboriosam omnis aut aut. Dicta eveniet quos excepturi harum.	2015-03-12 07:12:04.331595	4	1
126	2014-07-20	6	Culpa ab corrupti quo beatae. Rerum quia sed facere incidunt. Sunt repudiandae alias incidunt ab natus. Veniam laboriosam omnis aut aut. Dicta eveniet quos excepturi harum.	2015-03-12 07:12:04.33453	4	2
127	2014-07-20	2	Culpa ab corrupti quo beatae. Rerum quia sed facere incidunt. Sunt repudiandae alias incidunt ab natus. Veniam laboriosam omnis aut aut. Dicta eveniet quos excepturi harum.	2015-03-12 07:12:04.335308	4	3
128	2014-07-20	5	Culpa ab corrupti quo beatae. Rerum quia sed facere incidunt. Sunt repudiandae alias incidunt ab natus. Veniam laboriosam omnis aut aut. Dicta eveniet quos excepturi harum.	2015-03-12 07:12:04.336108	4	4
129	2014-06-23	8	Minus quisquam consectetur ullam enim architecto. Eius assumenda quisquam cupiditate est placeat doloremque. Quia perferendis expedita molestiae nihil blanditiis vel delectus. Repudiandae in velit aliquam qui quia sit.	2015-03-12 07:12:04.34128	1	1
130	2014-06-23	5	Minus quisquam consectetur ullam enim architecto. Eius assumenda quisquam cupiditate est placeat doloremque. Quia perferendis expedita molestiae nihil blanditiis vel delectus. Repudiandae in velit aliquam qui quia sit.	2015-03-12 07:12:04.344352	1	2
131	2014-06-23	4	Minus quisquam consectetur ullam enim architecto. Eius assumenda quisquam cupiditate est placeat doloremque. Quia perferendis expedita molestiae nihil blanditiis vel delectus. Repudiandae in velit aliquam qui quia sit.	2015-03-12 07:12:04.345046	1	3
132	2014-06-23	2	Minus quisquam consectetur ullam enim architecto. Eius assumenda quisquam cupiditate est placeat doloremque. Quia perferendis expedita molestiae nihil blanditiis vel delectus. Repudiandae in velit aliquam qui quia sit.	2015-03-12 07:12:04.345747	1	4
133	2014-06-23	8	Earum porro tempora. Dolor omnis magni sint aut doloribus accusamus. Et sequi voluptatem aut.	2015-03-12 07:12:04.350099	2	1
134	2014-06-23	6	Earum porro tempora. Dolor omnis magni sint aut doloribus accusamus. Et sequi voluptatem aut.	2015-03-12 07:12:04.352958	2	2
135	2014-06-23	3	Earum porro tempora. Dolor omnis magni sint aut doloribus accusamus. Et sequi voluptatem aut.	2015-03-12 07:12:04.353761	2	3
136	2014-06-23	8	Earum porro tempora. Dolor omnis magni sint aut doloribus accusamus. Et sequi voluptatem aut.	2015-03-12 07:12:04.354568	2	4
137	2014-06-23	9	Sed est autem nostrum. Ut aut ea ut non. Aut quia quia magni quia praesentium. Provident laborum consequuntur qui quasi asperiores qui.	2015-03-12 07:12:04.359473	3	1
138	2014-06-23	6	Sed est autem nostrum. Ut aut ea ut non. Aut quia quia magni quia praesentium. Provident laborum consequuntur qui quasi asperiores qui.	2015-03-12 07:12:04.362559	3	2
139	2014-06-23	4	Sed est autem nostrum. Ut aut ea ut non. Aut quia quia magni quia praesentium. Provident laborum consequuntur qui quasi asperiores qui.	2015-03-12 07:12:04.363283	3	3
140	2014-06-23	5	Sed est autem nostrum. Ut aut ea ut non. Aut quia quia magni quia praesentium. Provident laborum consequuntur qui quasi asperiores qui.	2015-03-12 07:12:04.364141	3	4
141	2014-06-23	10	Itaque illo quis voluptas. Ea asperiores odit ex architecto et velit ratione. Molestias et reprehenderit. Quia eos est. Voluptatum assumenda sit molestias et eum.	2015-03-12 07:12:04.368732	4	1
142	2014-06-23	7	Itaque illo quis voluptas. Ea asperiores odit ex architecto et velit ratione. Molestias et reprehenderit. Quia eos est. Voluptatum assumenda sit molestias et eum.	2015-03-12 07:12:04.371626	4	2
143	2014-06-23	2	Itaque illo quis voluptas. Ea asperiores odit ex architecto et velit ratione. Molestias et reprehenderit. Quia eos est. Voluptatum assumenda sit molestias et eum.	2015-03-12 07:12:04.372357	4	3
144	2014-06-23	3	Itaque illo quis voluptas. Ea asperiores odit ex architecto et velit ratione. Molestias et reprehenderit. Quia eos est. Voluptatum assumenda sit molestias et eum.	2015-03-12 07:12:04.373157	4	4
145	2014-05-26	10	Error beatae nihil et similique. Molestiae a pariatur recusandae sit velit eius dignissimos. Illum magni rerum doloribus ut fuga atque mollitia. Distinctio autem animi incidunt numquam a. Non placeat autem id reprehenderit provident dignissimos.	2015-03-12 07:12:04.377753	1	1
146	2014-05-26	6	Error beatae nihil et similique. Molestiae a pariatur recusandae sit velit eius dignissimos. Illum magni rerum doloribus ut fuga atque mollitia. Distinctio autem animi incidunt numquam a. Non placeat autem id reprehenderit provident dignissimos.	2015-03-12 07:12:04.380762	1	2
147	2014-05-26	0	Error beatae nihil et similique. Molestiae a pariatur recusandae sit velit eius dignissimos. Illum magni rerum doloribus ut fuga atque mollitia. Distinctio autem animi incidunt numquam a. Non placeat autem id reprehenderit provident dignissimos.	2015-03-12 07:12:04.381592	1	3
148	2014-05-26	1	Error beatae nihil et similique. Molestiae a pariatur recusandae sit velit eius dignissimos. Illum magni rerum doloribus ut fuga atque mollitia. Distinctio autem animi incidunt numquam a. Non placeat autem id reprehenderit provident dignissimos.	2015-03-12 07:12:04.382429	1	4
149	2014-05-26	10	Non praesentium natus dolor incidunt magnam consequatur qui. Maxime vitae voluptas saepe omnis nemo commodi. Nihil inventore aut. Aut quos ducimus in.	2015-03-12 07:12:04.387456	2	1
150	2014-05-26	6	Non praesentium natus dolor incidunt magnam consequatur qui. Maxime vitae voluptas saepe omnis nemo commodi. Nihil inventore aut. Aut quos ducimus in.	2015-03-12 07:12:04.390659	2	2
151	2014-05-26	3	Non praesentium natus dolor incidunt magnam consequatur qui. Maxime vitae voluptas saepe omnis nemo commodi. Nihil inventore aut. Aut quos ducimus in.	2015-03-12 07:12:04.391535	2	3
152	2014-05-26	0	Non praesentium natus dolor incidunt magnam consequatur qui. Maxime vitae voluptas saepe omnis nemo commodi. Nihil inventore aut. Aut quos ducimus in.	2015-03-12 07:12:04.392312	2	4
153	2014-05-26	10	Doloribus consequatur eos nam aut ut. Qui a voluptatem velit sit. Ipsa autem repellat excepturi est omnis. Et doloribus dolores et non vitae et assumenda. Necessitatibus et ratione provident alias pariatur aliquid corrupti.	2015-03-12 07:12:04.396789	3	1
154	2014-05-26	7	Doloribus consequatur eos nam aut ut. Qui a voluptatem velit sit. Ipsa autem repellat excepturi est omnis. Et doloribus dolores et non vitae et assumenda. Necessitatibus et ratione provident alias pariatur aliquid corrupti.	2015-03-12 07:12:04.399959	3	2
155	2014-05-26	3	Doloribus consequatur eos nam aut ut. Qui a voluptatem velit sit. Ipsa autem repellat excepturi est omnis. Et doloribus dolores et non vitae et assumenda. Necessitatibus et ratione provident alias pariatur aliquid corrupti.	2015-03-12 07:12:04.40065	3	3
156	2014-05-26	3	Doloribus consequatur eos nam aut ut. Qui a voluptatem velit sit. Ipsa autem repellat excepturi est omnis. Et doloribus dolores et non vitae et assumenda. Necessitatibus et ratione provident alias pariatur aliquid corrupti.	2015-03-12 07:12:04.401358	3	4
157	2014-05-26	10	Tempora occaecati omnis maxime corrupti nihil. Adipisci deleniti quos doloribus ea. Quasi facere vel impedit rerum consequatur odit ipsum. Et veniam molestiae aspernatur possimus. Non sapiente sed voluptatibus hic amet quia.	2015-03-12 07:12:04.405907	4	1
158	2014-05-26	6	Tempora occaecati omnis maxime corrupti nihil. Adipisci deleniti quos doloribus ea. Quasi facere vel impedit rerum consequatur odit ipsum. Et veniam molestiae aspernatur possimus. Non sapiente sed voluptatibus hic amet quia.	2015-03-12 07:12:04.408749	4	2
159	2014-05-26	1	Tempora occaecati omnis maxime corrupti nihil. Adipisci deleniti quos doloribus ea. Quasi facere vel impedit rerum consequatur odit ipsum. Et veniam molestiae aspernatur possimus. Non sapiente sed voluptatibus hic amet quia.	2015-03-12 07:12:04.409486	4	3
160	2014-05-26	3	Tempora occaecati omnis maxime corrupti nihil. Adipisci deleniti quos doloribus ea. Quasi facere vel impedit rerum consequatur odit ipsum. Et veniam molestiae aspernatur possimus. Non sapiente sed voluptatibus hic amet quia.	2015-03-12 07:12:04.410132	4	4
161	2014-04-22	8	Mollitia ipsum in provident dolorem velit molestiae et. Porro qui dolor doloremque non. Et omnis nesciunt officiis necessitatibus qui.	2015-03-12 07:12:04.414862	1	1
162	2014-04-22	5	Mollitia ipsum in provident dolorem velit molestiae et. Porro qui dolor doloremque non. Et omnis nesciunt officiis necessitatibus qui.	2015-03-12 07:12:04.41778	1	2
163	2014-04-22	2	Mollitia ipsum in provident dolorem velit molestiae et. Porro qui dolor doloremque non. Et omnis nesciunt officiis necessitatibus qui.	2015-03-12 07:12:04.418525	1	3
164	2014-04-22	4	Mollitia ipsum in provident dolorem velit molestiae et. Porro qui dolor doloremque non. Et omnis nesciunt officiis necessitatibus qui.	2015-03-12 07:12:04.419193	1	4
165	2014-04-22	10	Dolorum illum in adipisci porro. Minima illum qui consequatur ab. Consequatur consequuntur nobis.	2015-03-12 07:12:04.423606	2	1
166	2014-04-22	5	Dolorum illum in adipisci porro. Minima illum qui consequatur ab. Consequatur consequuntur nobis.	2015-03-12 07:12:04.426445	2	2
167	2014-04-22	2	Dolorum illum in adipisci porro. Minima illum qui consequatur ab. Consequatur consequuntur nobis.	2015-03-12 07:12:04.427204	2	3
168	2014-04-22	7	Dolorum illum in adipisci porro. Minima illum qui consequatur ab. Consequatur consequuntur nobis.	2015-03-12 07:12:04.427859	2	4
169	2014-04-22	10	Consectetur non omnis aut nam dolores. Quia aut earum sunt fugit nesciunt eos omnis. Rerum omnis necessitatibus.	2015-03-12 07:12:04.432685	3	1
170	2014-04-22	7	Consectetur non omnis aut nam dolores. Quia aut earum sunt fugit nesciunt eos omnis. Rerum omnis necessitatibus.	2015-03-12 07:12:04.435621	3	2
171	2014-04-22	2	Consectetur non omnis aut nam dolores. Quia aut earum sunt fugit nesciunt eos omnis. Rerum omnis necessitatibus.	2015-03-12 07:12:04.43637	3	3
172	2014-04-22	0	Consectetur non omnis aut nam dolores. Quia aut earum sunt fugit nesciunt eos omnis. Rerum omnis necessitatibus.	2015-03-12 07:12:04.437197	3	4
173	2014-04-22	9	Tempore et nam ullam libero sit. Autem quo blanditiis corrupti porro. Est possimus quasi consectetur qui.	2015-03-12 07:12:04.441754	4	1
174	2014-04-22	6	Tempore et nam ullam libero sit. Autem quo blanditiis corrupti porro. Est possimus quasi consectetur qui.	2015-03-12 07:12:04.444816	4	2
175	2014-04-22	2	Tempore et nam ullam libero sit. Autem quo blanditiis corrupti porro. Est possimus quasi consectetur qui.	2015-03-12 07:12:04.445562	4	3
176	2014-04-22	10	Tempore et nam ullam libero sit. Autem quo blanditiis corrupti porro. Est possimus quasi consectetur qui.	2015-03-12 07:12:04.446318	4	4
177	2015-03-12	7	hi	2015-03-12 07:17:29.05733	5	5
178	2015-03-12	2	second	2015-03-12 07:19:12.593568	6	5
\.


--
-- Name: reviews_id_seq; Type: SEQUENCE SET; Schema: public; Owner: David
--

SELECT pg_catalog.setval('reviews_id_seq', 178, true);


--
-- Data for Name: users; Type: TABLE DATA; Schema: public; Owner: David
--

COPY users (id, username, password) FROM stdin;
1	a	a
\.


--
-- Data for Name: user_homes; Type: TABLE DATA; Schema: public; Owner: David
--

COPY user_homes (id, user_id, home_id) FROM stdin;
1	1	1
2	1	2
3	1	3
4	1	4
5	1	5
\.


--
-- Name: user_homes_id_seq; Type: SEQUENCE SET; Schema: public; Owner: David
--

SELECT pg_catalog.setval('user_homes_id_seq', 5, true);


--
-- Name: users_id_seq; Type: SEQUENCE SET; Schema: public; Owner: David
--

SELECT pg_catalog.setval('users_id_seq', 1, true);


--
-- PostgreSQL database dump complete
--

